,Unnamed: 0,S1,p_llm_1,seq_type1,p_rsa_1,S2,p_llm_2,seq_type2,p_rsa_2,S3,p_llm_3,seq_type3,p_rsa_3,S4,p_llm_4,seq_type4,p_rsa_4,S5,p_llm_5,seq_type5,p_rsa_5,S6,p_llm_6,seq_type6,p_rsa_6,S7,p_llm_7,seq_type7,p_rsa_7
0,0,"a green desk facing forwards, small in size",2.5441772343374717e-05,topk,0.016374106482037836,"a large, green desk facing to the right",8.522980642787377e-14,topk,0.0,a large desk,0.0007307384628468441,topk,0.02577202554827903,a grey desk facing the left,6.209202201008858e-05,topk,0.01990128632634397,a chair facing to the right,0.0003028159237191894,topk,0.02450530719825427,"a large, green chair  ",4.378458530598492e-15,topk,0.030005868757597223,a chair facing to the left,5.4555897148524406e-14,topk,0.021436038818589867
1,1,a green small desk facing forwards,0.00014137600933068845,topk,0.020708428786106677,a green desk facing the right,1.869484875317332e-14,topk,0.020689271587233816,"a large, green desk facing to the right",1.0275416714536109e-05,topk,0.0,a large desk,2.669653347629682e-05,topk,0.022388947117136966,"a small, green chair  facing to the right",0.0006393231238157492,topk,0.01613764132567964,"a large, green chair facing to the left",8.141275978811624e-16,topk,0.0,"a large, grey chair facing the left",3.759393349427138e-14,topk,0.015923914550952472
2,2,a small desk facing forwards,0.0028670255822887767,topk,0.025145949240272393,a small green desk facing to the right,1.015323698189679e-12,topk,0.015789180948152123,a desk,0.00011881972210059933,topk,0.02577202554827903,a desk,0.00037300648195293486,topk,0.022388947117136966,"a  small, green chair facing to the right",9.435440749273363e-05,topk,0.01613764132567964,a large green chair is facing forwards,3.4547386423073085e-15,topk,0.01737181875439839,"a  large, grey chair facing to the left",9.638912594221746e-15,topk,0.014290692545726577
3,3,a small green desk facing forwards ,0.0005465266387748962,topk,0.020116759392217912,"a  small, green desk facing to the right",1.1977717536872733e-14,topk,0.014999721900744518,"a large desk, facing forwards, green",1.4049652164146665e-05,topk,0.017181350365519356,a desk facing left,9.155975683238915e-05,topk,0.02985192948951595,a small green chair ,8.3001398246828e-05,topk,0.03308216471764327,a green chair that is facing forwards,3.376100331850892e-15,topk,0.01784132736938213,a grey chair facing the left,1.097875406858594e-14,topk,0.019904893188690587
4,4,a desk,6.872994174253369e-05,topk,0.029336940780317792,"a small green desk facing to the right""",8.382010105372006e-15,topk,0.01538433015460976,a large green desk facing to the left,1.3168252514345783e-05,topk,0.0,"a large desk, grey in color, facing to the left",2.2318215206059443e-05,topk,0.011432653847048665,a small green desk facing to the right,0.00011952828082711929,topk,0.0,"a large, green chair  facing forwards",3.286428739362486e-14,topk,0.01784132736938213,"a large, grey chair face to the left",5.4198671350295515e-15,topk,0.01548158359120379
5,5,a small green desk facing to the right,4.854464377762437e-05,topk,0.0,a desk facing to the right,1.0602828343492543e-14,topk,0.023076495231914643,a large green desk  facing forwards,4.6208100505332384e-05,topk,0.01767224609024848,"a large desk, facing to the left, grey in color",2.795349620285406e-06,topk,0.011432653847048665,"a small, green chair 5",0.00016239141594843372,topk,0.030074695197857517,"a  large, green chair facing forwards",1.0162915643951606e-14,topk,0.01784132736938213,"a large, grey, chair facing to the left",2.00558239723535e-15,topk,0.014290692545726577
6,6,a small green desk facing forwards is in the room,3.7412179569895656e-05,topk,0.014369113851584223,a desk facing right,3.297711830068601e-14,topk,0.031578361896304245,a green chair facing forwards,3.8648320060368806e-05,topk,0.0,"a grey, large desk facing to the left",3.8317681234630094e-05,topk,0.014522560292196953,"a small, green chair, facing to the right",0.0009666572890413076,topk,0.01613764132567964,a green chair facing forwards,3.1528072798009457e-15,topk,0.022763072850590996,a grey chair,3.194280572979095e-15,topk,0.046444750773611376
7,7,a little green desk facing forward,4.4930593985736646e-05,topk,0.020708428786106677,a small green desk facing the right,9.894716146582087e-14,topk,0.017142539315136592,"a large, green desk that is facing forwards",3.285913871938936e-05,topk,0.01438438635252783,a desk facing to the left,0.0002933658750115306,topk,0.02149338923245149,a green desk chair facing to the right,0.00018612018584730905,topk,0.0,a large green chair facing to the right,7.924312453616093e-15,topk,0.0,"a large, grey chair faced to the left",1.832013324822381e-15,topk,0.01506316241306315
8,8,a small green desk ,0.00013676313205919635,topk,0.018528594177042813,a small green desk ,1.076078453590595e-14,topk,0.015789180948152123,"a large desk, facing forwards",3.214537841010704e-05,topk,0.02132857286754127,"a  large, grey desk facing to the left",6.0400373442177814e-05,topk,0.014140387652928611,"a small, green chair facing  to the right",6.829970469308147e-05,topk,0.01613764132567964,a big green chair facing forward,6.704937462727937e-15,topk,0.020629034770848088,"a large, grey chair facing left",5.2333167758902985e-14,topk,0.017978613202688277
9,9,a small,5.676266613751871e-05,topk,0.0,"a small, green desk facing  to the right",7.721118448762724e-15,topk,0.014999721900744518,a large green desk facing forwards,0.0165805997173568,topk,0.018192018034079317,a large desk facing to the left,0.0005814868816068872,topk,0.01733337841326733,a small,8.00445614485053e-05,topk,0.0,"a large, green chair is facing forwards",1.503764531348117e-14,topk,0.01692638750428561,"a large, grey chair on the left",3.0210094052028077e-15,topk,0.017978613202688277
10,10,a small desk,0.00043500388346838926,topk,0.029336940780317792,a desk facing the right,1.3424748017660991e-14,topk,0.02608647287086003,a large desk is facing forwards,3.1205315142048596e-05,topk,0.019952535908345056,"a large, grey desk",0.17941231957509554,topk,0.02985192948951595,"a small, green chair""",7.466618120418339e-05,topk,0.031506823540612634,"a large, green chair facing to the right",1.0290948283436235e-15,topk,0.0,"a large, grey desk facing to the left",3.4358900810634475e-15,topk,0.0
11,11,"a small, green desk  ",4.619589276801858e-05,topk,0.016763966160181595,a small,1.0808898745574215e-14,topk,0.0,"a large, green desk",3.8282442128388944e-05,topk,0.03255413753466825,a large green desk facing forwards,0.00020278502155636488,topk,0.0,"a small, green chair ",0.002982530145663835,topk,0.031506823540612634,a large chair facing forwards,5.4796200745705626e-14,topk,0.022763072850590996,a grey chair ,3.2193336260176384e-15,topk,0.042872077637179734
12,12,"a small, green, desk, facing forwards",2.444719451964473e-05,topk,0.01902936699263857,a small desk facing the right,1.3586207609876398e-14,topk,0.020689271587233816,"a large, green desk is facing forwards",8.76384087442686e-05,topk,0.016277068767334125,a big grey desk,5.55779868909733e-05,topk,0.035822315387419146,a small chair facing to the right,0.0003995051375783748,topk,0.02004979679857168,"a large, green desk chair facing forwards",1.8689147174592598e-14,topk,0.0,"a large, grey chair facing to the right",3.3970916193267595e-15,topk,0.0
13,13,a desk facing forwards,0.00024115725226528633,topk,0.016001967698355157,"a small, green desk  (2)",4.984111456130278e-15,topk,0.01249976825062043,a large green desk is facing forwards,4.014361347556723e-05,topk,0.016716989544829645,a grey desk facing to the left of the room,2.9680854252301638e-05,topk,0.012793684066935408,a small green chair to the right,0.00012592693048928092,topk,0.020676352948527044,a large green chair  facing forwards,3.562663812121699e-15,topk,0.01833691979630941,a large grey chair facing to the left,9.47643416397102e-15,topk,0.01506316241306315
14,14,"a small green desk, facing forwards",0.00021646325450047288,topk,0.020116759392217912,a small desk,1.3528130074908566e-14,topk,0.02499953650124086,a large green desk ,0.00011231851421884738,topk,0.03255413753466825,a large grey chair facing to the left,3.147180719136851e-05,topk,0.0,"a small, green chair",0.05897696727133575,topk,0.03308216471764327,"a large, green chair facing forward",7.979703030652449e-15,topk,0.018860831790489682,a large grey chair ,3.617385539089062e-15,topk,0.029333526804386126
15,15,"a small, green desk ",0.0008648688839322075,topk,0.017602164468190674,"a small, green desk  ",1.2504365669496945e-14,topk,0.014285449429280492,a large green desk,0.002054091038569397,topk,0.03436270073103871,a large green desk,3.4758991827406305e-05,topk,0.0,a small green chair facing to the right,0.00570511705377811,topk,0.016965212675714495,a green desk chair facing forwards,1.261415206821277e-14,topk,0.0,a large gray chair facing to the left,3.3303694163888948e-15,topk,0.01506316241306315
16,16,a small green desk  facing forwards,9.209905882810383e-05,topk,0.020116759392217912,a small green desk facing to the right of the room,5.410098612633277e-15,topk,0.011999777520595613,a desk facing forwards,0.0001395293290894031,topk,0.014057468480879473,a grey desk facing left,0.00020526893904015598,topk,0.02336237960049075,a small chair facing right,7.910703470938946e-05,topk,0.025447819013571744,a large green chair facing forwards in the room,9.6464583034303e-15,topk,0.01404530026951359,"a grey, large chair facing to the left",1.660619789258582e-15,topk,0.014666763402193063
17,17,"a small, green desk (1)",2.778363173028233e-05,topk,0.015306229972339717,a small desk facing to the right,2.213013295852517e-13,topk,0.018749652375930646,"a large green desk, facing forwards",8.527109664389999e-05,topk,0.01767224609024848,"a large, grey table",4.6146305207574046e-05,topk,0.028280775305857223,"a small, green desk chair facing to the right",0.00033743595400779493,topk,0.0,a large green chair,4.742810513347901e-15,topk,0.03474363750879678,"a large, grey chair to the left",3.258887060015697e-14,topk,0.017978613202688277
18,18,"a small, green desk in the room",4.133914077376966e-05,topk,0.011356235140768178,a green desk facing right,7.687119487926206e-14,topk,0.023999555041191226,a green table,3.1208588881594567e-05,topk,0.015859708029710172,a large grey desk,0.008704334007881067,topk,0.031607925341840426,"a small, green chair that is facing to the right",0.00014136339991307293,topk,0.013784235299018028,"a large green chair, facing forwards",4.041310468342123e-15,topk,0.01833691979630941,"a large, grey chair is facing to the left",1.0396319406205581e-14,topk,0.0135935855922765
19,19,a green desk facing forwards,0.0031247632554060475,topk,0.012572974620136197,"a small, green table facing to the right",1.1376910175724786e-14,topk,0.014999721900744518,a large green table,6.364742696613101e-05,topk,0.03255413753466825,a grey desk in the room,2.3211433050869624e-05,topk,0.02336237960049075,"a small, green chair to the right",0.0005034805586301079,topk,0.02004979679857168,a green chair facing to the left,3.84018573499736e-15,topk,0.0,a large chair facing to the left,3.7350052298051474e-15,topk,0.017416781540104266
20,20,"a small, green, desk facing forwards",3.778508776607198e-05,topk,0.01955796052021186,"a small, green desk ",2.148258794295914e-13,topk,0.014999721900744518,"a large, green desk facing to the left",8.006075054430962e-06,topk,0.0,a large gray desk facing to the left,3.237559241479658e-05,topk,0.014925964744757976,"a small, green chair is facing to the right",0.0003538437232509053,topk,0.01538705335704338,"a large, green chair, facing forwards",2.5538361227945965e-14,topk,0.01784132736938213,a large grey desk facing to the left,8.943949694673775e-15,topk,0.0
21,21,"a green desk, facing forwards",7.17621927362523e-05,topk,0.012139423771165983,a small desk facing right,6.460597618370414e-14,topk,0.023999555041191226,a large green desk facing to the right,2.0980128479475793e-05,topk,0.0,a green desk facing forwards,3.9680269238829e-05,topk,0.0,"a small, green chair face to the right",8.95175088922358e-05,topk,0.01741166564086488,a large green chair ,5.94881711323965e-15,topk,0.03300645563335694,"a large, grey desk chair facing to the left",7.543766785202186e-15,topk,0.0
22,22,"a small green desk facing forwards""",6.426136064956749e-05,topk,0.020116759392217912,"a small, green desk faced to the right",1.8849957371732935e-14,topk,0.015789180948152123,a large desk facing forward,3.4017820476408903e-05,topk,0.022908467154025804,"a grey desk, facing left",4.12220924610779e-05,topk,0.022388947117136966,"a small,",8.489844017093487e-05,topk,0.0,"a large, green chair facing the front",3.634303313357816e-15,topk,0.01784132736938213,"a large, grey chair in the room",3.655379776948938e-15,topk,0.017978613202688277
23,23,a small green desk facing to the left,2.440977983274008e-05,topk,0.0,"a small, green desk, facing to the right",9.744936580880331e-14,topk,0.014999721900744518,"a large, green desk in the room",2.7063701929938776e-05,topk,0.019952535908345056,a large desk that is grey in color and facing to the left,8.850319184666714e-06,topk,0.009426925101952406,a green chair facing to the right,0.00010199663250242849,topk,0.02004979679857168,"a large, green chair",1.7663996114939943e-12,topk,0.03300645563335694,"a large, grey chair that is facing to the left",3.7040575549271193e-16,topk,0.012116021940942098
24,24,a small green desk,6.66530272950968e-05,topk,0.01955796052021186,"a small, green desk is facing to the right",1.6171145092066465e-14,topk,0.014285449429280492,a green desk facing forwards,4.7290542612262166e-05,topk,0.011045153806405299,"a large, grey chair",0.0002036070472391514,topk,0.0,"a small, green chair faces to the right",0.00012842812989112117,topk,0.016965212675714495,"a large green chair facing forwards""",8.732619491429037e-15,topk,0.01833691979630941,"a large, grey chair faces to the left",3.842586952201862e-15,topk,0.01506316241306315
25,25,a small green desk facing forwards in a room,0.00013572562395190548,topk,0.016001967698355157,a green desk facing to the right,2.8469957773427636e-13,topk,0.018749652375930646,a large green desk facing forward,0.0003960789654852469,topk,0.018743291307839294,a grey desk is facing to the left,3.4795607328034897e-05,topk,0.01628287063064507,a little green chair facing right,6.884989533037755e-05,topk,0.02004979679857168,a large chair,6.1989485048291475e-15,topk,0.025389581256428418,"a large, grey chair 7",4.6871235256150895e-15,topk,0.026539857584920785
26,26,a green desk facing forwards in the room,6.5991628564399e-05,topk,0.008801082234095337,a small green desk to the right,5.1661766076066325e-14,topk,0.01935447987192841,"a large, green desk face forwards",3.675650600220902e-05,topk,0.018743291307839294,a grey desk ,9.933771138976827e-05,topk,0.04477789423427393,"a small, green chair in the room",9.715171197951569e-05,topk,0.020676352948527044,"a large, green chair faces forwards",4.3876043333762984e-15,topk,0.018860831790489682,"a large, grey chair  ",6.071283236452259e-15,topk,0.026539857584920785
27,27,a small green desk facing forwards in the room,0.00037144426842678624,topk,0.015306229972339717,a small green desk facing to the right in the room,6.677624534205561e-15,topk,0.011999777520595613,"a  large, green desk facing forwards",7.302225772127595e-05,topk,0.017181350365519356,a grey chair facing to the left,2.402556280505074e-05,topk,0.0,"a small, green desk chair",6.593969484233404e-05,topk,0.0,"a small, green chair facing to the right",3.966260020540441e-15,topk,0.0,"a chair, facing to the left",3.959757363375084e-15,topk,0.02064211145493839
28,28,a small green desk facing the front,3.3159012357121876e-05,topk,0.020116759392217912,"a small, green desk to the right",2.8419826788806917e-13,topk,0.018749652375930646,a large desk that is green and facing forwards,1.4588776718409986e-05,topk,0.013446274199102104,a grey desk,0.002157381013492975,topk,0.048848611891935206,"a small, green chair faced to the right",0.00010975060843718404,topk,0.016965212675714495,a green chair ,2.9951009832394766e-15,topk,0.0235760397381121,"a large, grey desk facing the left",2.1370661740047397e-15,topk,0.0
29,29,a green desk facing forwards ,9.888808943880871e-05,topk,0.012139423771165983,a green desk to the right,1.3022611551176017e-14,topk,0.023999555041191226,"a green desk, facing forwards",3.179530384331402e-05,topk,0.010664286433770634,"a grey desk, facing to the left",4.1122359677683535e-05,topk,0.01733337841326733,"a small, green chair facing to the left",0.00013465494757151653,topk,0.0,"a large, green chair that is facing forwards",5.847882695645654e-15,topk,0.015002934378798611,"a large, grey chair",2.2652603793106407e-12,topk,0.029333526804386126
30,30,"a small, green desk facing to the right",4.019076635892762e-05,topk,0.0,"a small, green desk facing to the  right",6.251977118381023e-15,topk,0.014999721900744518,"a large, green desk  ",5.8831584438595304e-05,topk,0.029453743483747463,"a small, green desk facing to the right",3.924881078441308e-05,topk,0.0,"a small, green chair facing right",0.0006006520742425813,topk,0.02004979679857168,a large green chair facing to the left,3.222013622556595e-15,topk,0.0,"a large, grey chair, facing to the left",3.3144509166853657e-15,topk,0.014290692545726577
31,31,a small green desk facing forwards,0.017679225890445047,topk,0.020708428786106677,"a small green desk, facing to the right",1.2626498807312813e-14,topk,0.01538433015460976,a large green desk facing the front,2.9389420065114267e-05,topk,0.01767224609024848,"a large, gray desk",6.485318612894762e-05,topk,0.02985192948951595,"a large, grey chair facing to the left",0.00010457675472541243,topk,0.0,"a large, green chair facing the camera",4.133724114980448e-15,topk,0.01737181875439839,a grey chair facing to the left,1.139712634733024e-14,topk,0.017978613202688277
32,32,"a small, green desk 1",3.0785368514408304e-05,topk,0.016763966160181595,"a small, green desk turned to the right",1.5066668594544704e-14,topk,0.01538433015460976,a small green desk facing forwards,0.00011875922712639368,topk,0.0,"a large desk, facing to the left",1.7657720837107588e-05,topk,0.016791710337852726,a small green chair facing the right,0.0004558438427164519,topk,0.0183789803986907,a,3.3852261127090887e-14,topk,0.0,a large grey chair facing the left,9.153325405278259e-15,topk,0.016392264978921663
33,33,a,0.00013522459029616647,topk,0.0,"a small, green desk, facing right",7.457346909795283e-15,topk,0.018181481091811537,a large table,3.9146803989689183e-05,topk,0.02378956204456526,a grey table,7.68404577779109e-05,topk,0.04477789423427393,"a green, small chair facing to the right",8.078352962033449e-05,topk,0.016541082358821634,"a large, green chair ",8.863361045116832e-14,topk,0.03143471965081613,a grey desk chair facing to the left,5.0844290984900435e-15,topk,0.0
34,34,"a small, green desk is facing forwards",6.431678564358292e-05,topk,0.018528594177042813,"a small, green desk facing right",1.9466996755098456e-13,topk,0.018749652375930646,"a large desk, green",0.00015005187176230156,topk,0.03255413753466825,a,0.00015028541801338828,topk,0.0,"a small, green desk facing to the right",0.0030519618719800036,topk,0.0,"a large, green chair that faces forwards",4.587290024900049e-15,topk,0.01650322781667847,"a large, gray chair facing to the left",7.213403551128347e-15,topk,0.014666763402193063
35,35,"a small, green desk",0.00025766000171272685,topk,0.018528594177042813,"a small, green desk  facing to the right",1.0670737640007e-13,topk,0.014999721900744518,a,0.00031461356903739266,topk,0.0,"a grey, large desk",2.6465145032797768e-05,topk,0.02985192948951595,a green chair facing the right,0.00032819269334993963,topk,0.022054776478428843,a large green chair facing forwards,7.411277904121523e-15,topk,0.018860831790489682,"a large, grey chair facing to the  left",1.4442692688564994e-15,topk,0.014290692545726577
36,36,a small green facing forwards desk,4.5079526840499686e-05,topk,0.020708428786106677,a,5.666515845057238e-14,topk,0.0,a large desk facing forwards,0.002121114673695527,topk,0.022090307612810597,a large desk facing to the left of the room,1.3144047129119844e-05,topk,0.01249615653049505,a,0.0005082847326003194,topk,0.0,a green chair is facing forwards,4.307995959214277e-15,topk,0.020629034770848088,a,2.804036452626257e-14,topk,0.0
37,37,"a small, green desk  facing forwards",0.00038765501797791277,topk,0.01955796052021186,"a small, green desk 2",1.4586330089858845e-14,topk,0.014285449429280492,"a large, green desk ",7.733265883564037e-05,topk,0.03092643065793484,a grey desk facing to the left ,2.3616476218669722e-05,topk,0.01733337841326733,"a small, green chair facing the right",0.0013465212673348242,topk,0.01788225119872609,a chair facing forwards,3.6935584752177104e-14,topk,0.02870126576813647,"a large, grey chair ",1.2581593292431457e-13,topk,0.02786685046416683
38,38,"a small, green desk, facing forwards",0.0004931440283557945,topk,0.01955796052021186,"a small, green desk on the right",2.7454789145745736e-14,topk,0.018749652375930646,"a small, green desk",6.404014157157166e-05,topk,0.0,a grey desk facing to the left,0.0016047040295598246,topk,0.017911157693709573,"a small, green desk",0.0001846351584210768,topk,0.0,a large green desk chair facing forwards,2.020974181770048e-15,topk,0.0,"a large, grey chair, facing left",1.6775880342501322e-15,topk,0.017416781540104266
39,39,a small green desk is facing forwards,6.618941289215861e-05,topk,0.01902936699263857,"a small, green desk",1.0634652190638717e-13,topk,0.015789180948152123,"a large, green desk, facing forwards",0.00026688483284986525,topk,0.017181350365519356,"a small, green desk facing forwards",0.00010211657667432691,topk,0.0,a small green chair,7.858414440840592e-05,topk,0.03482333128172976,"a large, green chair facing the room",2.897132392232395e-15,topk,0.01833691979630941,"a large, grey chair  facing to the left",2.0679296659087856e-14,topk,0.014290692545726577
40,40,"a small, green desk  (1)",3.11151825729388e-05,topk,0.014668470390158896,"a small, green desk faces to the right",1.0645829127031295e-14,topk,0.015789180948152123,"a small, green desk facing forwards",0.0001336461248378136,topk,0.0,a large green desk facing to the right,3.16368343335425e-05,topk,0.0,a small green chair facing to the right ,0.00018339077463487465,topk,0.016541082358821634,"a large, green chair facing forwards",5.075247194095185e-11,topk,0.01833691979630941,a large grey chair,3.703169365035812e-15,topk,0.03096316718240758
41,41,a green desk in front,5.0005863823892916e-05,topk,0.016763966160181595,a small table,1.3639512598897558e-14,topk,0.023076495231914643,"a green, large desk facing forwards",4.297762730162087e-05,topk,0.01767224609024848,"a large, green desk facing forwards",0.0002244116158393352,topk,0.0,"a small, green desk facing forwards",7.244884036396659e-05,topk,0.0,"a green, large chair facing forwards",8.525871678417829e-15,topk,0.01833691979630941,a grey desk facing to the left,5.708536169678369e-15,topk,0.0
42,42,"a small, green desk facing forwards",0.00039897990710952556,topk,0.020116759392217912,"a small, green desk facing the right",1.9419935318721755e-13,topk,0.016666357667493907,"a large, green desk faces forwards",5.882821816464174e-05,topk,0.018192018034079317,a thing facing forwards,1.3980778077080316e-12,logic,0.0,"a small, green chair  ",0.00014169151451266356,topk,0.030074695197857517,"a large, green desk facing forwards",3.510302753314539e-14,topk,0.0,"a small, green desk facing forwards",5.3399938407887255e-15,topk,0.0
43,43,"a green, small desk facing forwards",0.00042001092571809746,topk,0.020116759392217912,"a small, green desk (2)",1.3556284449219789e-14,topk,0.013043236435430015,"a large, green desk facing forwards",0.00021417248064812763,topk,0.01767224609024848,a thing facing to the left,9.184374752931126e-10,logic,0.01033336020790937,"a large, green chair facing forwards",0.0007838605854786394,topk,0.0,"a green chair, facing forwards",5.202246375641723e-15,topk,0.022004303755571292,"a large, grey chair""",3.799311967152233e-15,topk,0.02786685046416683
44,44,a thing facing forwards,1.173345965547618e-09,logic,0.010204153314893143,"a small, green desk that is facing to the right",8.48359729417196e-15,topk,0.012765720766591077,a large green desk facing to the front,1.3205376624470915e-05,topk,0.016277068767334125,a thing,1.7804002676519057e-07,logic,0.010966014914516065,"a small, green chair facing to the right",0.9188149000054835,topk,0.016541082358821634,a thing facing forwards,1.0068401039588705e-09,logic,0.009567088589378823,a thing facing forwards,2.5419395473789477e-13,logic,0.0
45,45,a thing facing to the left,3.2154014552138945e-13,logic,0.0,a small green desk facing to the right ,2.835597468131592e-14,topk,0.01538433015460976,a thing facing forwards,1.2784815016459705e-09,logic,0.008964182799401402,a thing facing to the right,1.0280817983566367e-12,logic,0.0,a thing facing forwards,1.1283420583403992e-21,logic,0.0,a thing facing to the left,3.1596327684513504e-12,logic,0.0,a thing facing to the left,1.0240008060643223e-09,logic,0.010718019409294934
46,46,a thing,7.136569608759586e-08,logic,0.014369113851584223,a thing facing forwards,4.756094926835584e-13,logic,0.0,a thing facing to the left,1.980812697489997e-12,logic,0.0,a chair facing forwards,4.69685119716699e-08,logic,0.0,a thing facing to the left,3.3360870396223665e-21,logic,0.0,a thing,1.1597448819907487e-07,logic,0.013472022707492627,a thing,9.625122262326908e-08,logic,0.011374224679251765
47,47,a thing facing to the right,6.12887864939554e-13,logic,0.0,a thing facing to the left,5.277013287194103e-13,logic,0.0,a thing,2.4158643237695746e-07,logic,0.012623032921606056,a chair facing to the left,6.656408473447551e-05,logic,0.0,a thing,1.3235693299319666e-16,logic,0.01350292437454827,a thing facing to the right,2.7352740760098985e-12,logic,0.0,a thing facing to the right,6.483522175506011e-13,logic,0.0
48,48,a chair facing forwards,2.174891710854597e-06,logic,0.0,a thing,4.281143434433937e-08,logic,0.012244670939383279,a thing facing to the right,2.058611736825447e-12,logic,0.0,a chair,0.00015597075723095604,logic,0.0,a thing facing to the right,1.0242069454487958e-18,logic,0.012252653599127136,a chair facing forwards,0.0003391523589070719,logic,0.02870126576813647,a chair facing forwards,1.768375239347574e-07,logic,0.0
49,49,a chair facing to the left,2.2806911474245496e-06,logic,0.0,a thing facing to the right,6.406141494610902e-10,logic,0.011110905111662605,a chair facing forwards,1.0922821562906335e-05,logic,0.0,a chair facing to the right,2.831429449428654e-07,logic,0.0,a chair facing forwards,1.3884182130300853e-15,logic,0.0,a chair facing to the left,3.5215699185515233e-06,logic,0.0,a chair facing to the left,0.0013665044209338678,logic,0.021436038818589867
50,50,a chair,2.61795307829169e-05,logic,0.0,a chair facing forwards,4.87435166854241e-07,logic,0.0,a chair facing to the left,6.796067451599002e-06,logic,0.0,a desk facing forwards,9.082513716801688e-07,logic,0.0,a chair facing to the left,1.1054207436903433e-14,logic,0.0,a chair,0.0006102478205787742,logic,0.03143471965081613,a chair,0.0025882320681990104,logic,0.026539857584920785
51,51,a chair facing to the right,4.060826983699285e-06,logic,0.0,a chair facing to the left,4.9834546128948004e-06,logic,0.0,a chair,6.300485612264985e-05,logic,0.0,a desk facing to the left,0.001821696995295569,logic,0.02149338923245149,a chair,3.8366529740538935e-12,logic,0.031506823540612634,a chair facing to the right,2.1909342090592927e-06,logic,0.0,a chair facing to the right,1.8706724348316425e-06,logic,0.0
52,52,a desk facing forwards,0.0006608323245522045,logic,0.016001967698355157,a chair,9.493084194613877e-05,logic,0.0,a chair facing to the right,1.3920860220703824e-06,logic,0.0,a desk,0.005551616999928835,logic,0.022388947117136966,a chair facing to the right,1.871537284604475e-12,logic,0.02450530719825427,a desk facing forwards,1.1800850970545254e-05,logic,0.0,a desk facing forwards,2.8760365488570845e-07,logic,0.0
53,53,a desk facing to the left,2.655624053782171e-07,logic,0.0,a chair facing to the right,3.2413813251879416e-05,logic,0.0,a desk facing forwards,0.00037157892420601306,logic,0.014057468480879473,a desk facing to the right,3.7823170373987383e-06,logic,0.0,a desk facing forwards,4.3595454622168096e-16,logic,0.0,a desk facing to the left,5.268029565865926e-07,logic,0.0,a desk facing to the left,8.877706188810426e-06,logic,0.0
54,54,a desk,0.0013993276356043794,logic,0.029336940780317792,a desk facing forwards,4.4552971697723093e-07,logic,0.0,a desk facing to the left,1.59038231817422e-06,logic,0.0,a grey thing facing forwards,5.119909593481583e-12,logic,0.0,a desk facing to the left,2.0180877677849808e-15,logic,0.0,a desk,4.756804479727152e-05,logic,0.0,a desk,8.217261255384532e-05,logic,0.0
55,55,a desk facing to the right,6.921418477198505e-07,logic,0.0,a desk facing to the left,1.2855513620566445e-06,logic,0.0,a desk,0.0014378565773207805,logic,0.02577202554827903,a grey thing facing to the left,4.973176996306097e-09,logic,0.008666689206633665,a desk,1.3990849604575966e-13,logic,0.0,a desk facing to the right,1.0037746449751056e-06,logic,0.0,a desk facing to the right,2.0662387977988006e-06,logic,0.0
56,56,a grey thing facing forwards,8.920085543136702e-13,logic,0.0,a desk,0.0025508706753464856,logic,0.02499953650124086,a desk facing to the right,1.831398881333864e-06,logic,0.0,a grey thing,1.5336246015833046e-07,logic,0.022388947117136966,a desk facing to the right,2.842934012042417e-14,logic,0.0,a grey thing facing forwards,4.899679387160552e-14,logic,0.0,a grey thing facing forwards,1.1199658912349074e-12,logic,0.0
57,57,a grey thing facing to the left,2.8485983378509826e-11,logic,0.0,a desk facing to the right,0.0016349784060304775,logic,0.023076495231914643,a grey thing facing forwards,9.779766254010189e-14,logic,0.0,a grey thing facing to the right,1.0258180050747876e-11,logic,0.0,a grey thing facing forwards,1.22280562348951e-21,logic,0.0,a grey thing facing to the left,8.218741011726657e-12,logic,0.0,a grey thing facing to the left,2.892534833190098e-09,logic,0.008989306601344138
58,58,a grey thing,4.4709665901978735e-10,logic,0.0,a grey thing facing forwards,7.677741522165624e-14,logic,0.0,a grey thing facing to the left,2.7851063891287578e-11,logic,0.0,a grey chair facing forwards,9.207993381195466e-08,logic,0.0,a grey thing facing to the left,6.139310657616191e-19,logic,0.0,a grey thing,1.25713522743368e-10,logic,0.0,a grey thing,4.362250400099806e-08,logic,0.023222375386805688
59,59,a grey thing facing to the right,5.120882159848631e-12,logic,0.0,a grey thing facing to the left,1.610112085462868e-11,logic,0.0,a grey thing,1.801682845939816e-09,logic,0.0,a grey chair facing to the left,0.0001343129409669612,logic,0.0,a grey thing,8.111425410896175e-18,logic,0.0,a grey thing facing to the right,6.242047100335339e-13,logic,0.0,a grey thing facing to the right,3.052971517983407e-12,logic,0.0
60,60,a grey chair facing forwards,1.6770843565774613e-08,logic,0.0,a grey thing,4.5209044089562503e-10,logic,0.0,a grey thing facing to the right,4.896238891816959e-13,logic,0.0,a grey chair,0.0003090080073156871,logic,0.0,a grey thing facing to the right,3.812535352941313e-20,logic,0.0,a grey chair facing forwards,4.689742532778379e-09,logic,0.0,a grey chair facing forwards,9.353232816349272e-07,logic,0.0
61,61,a grey chair facing to the left,2.820443739647478e-06,logic,0.0,a grey thing facing to the right,1.8687951476898953e-12,logic,0.0,a grey chair facing forwards,3.3069322509809603e-09,logic,0.0,a grey chair facing to the right,5.270450094672613e-07,logic,0.0,a grey chair facing forwards,6.945540964236686e-17,logic,0.0,a grey chair facing to the left,1.1075459080157208e-06,logic,0.0,a grey chair facing to the left,0.003241366419383215,logic,0.017978613202688277
62,62,a grey chair,4.884875876702558e-06,logic,0.0,a grey chair facing forwards,2.744758108505536e-09,logic,0.0,a grey chair facing to the left,1.459466957255406e-06,logic,0.0,a grey desk facing forwards,5.498013994269563e-06,logic,0.0,a grey chair facing to the left,5.731930389719879e-14,logic,0.0,a grey chair,1.9062670303035649e-06,logic,0.0,a grey chair,0.0059408790814360285,logic,0.046444750773611376
63,63,a grey chair facing to the right,2.2373582514499437e-07,logic,0.0,a grey chair facing to the left,1.105633493682175e-06,logic,0.0,a grey chair,3.5562403333702377e-06,logic,0.0,a grey desk facing to the left,0.008854216099974112,logic,0.017911157693709573,a grey chair,9.212248418039956e-14,logic,0.0,a grey chair facing to the right,4.420657903935315e-08,logic,0.0,a grey chair facing to the right,3.93984898420692e-06,logic,0.0
64,64,a grey desk facing forwards,1.5621095230039286e-07,logic,0.0,a grey chair,1.866278922127873e-06,logic,0.0,a grey chair facing to the right,4.423799464006969e-08,logic,0.0,a grey desk,0.02929473686466697,logic,0.048848611891935206,a grey chair facing to the right,1.5734159910890552e-15,logic,0.0,a grey desk facing forwards,8.152119854028522e-09,logic,0.0,a grey desk facing forwards,2.43694134732498e-07,logic,0.0
65,65,a grey desk facing to the left,2.5692141742583826e-06,logic,0.0,a grey chair facing to the right,6.571688833230524e-08,logic,0.0,a grey desk facing forwards,5.5088056627676495e-08,logic,0.0,a grey desk facing to the right,1.7581567936357577e-05,logic,0.0,a grey desk facing forwards,1.5203536388504049e-16,logic,0.0,a grey desk facing to the left,3.08190350001155e-07,logic,0.0,a grey desk facing to the left,5.8197189180024583e-05,logic,0.0
66,66,a grey desk,5.636029142362139e-06,logic,0.0,a grey desk facing forwards,1.0414256582089823e-08,logic,0.0,a grey desk facing to the left,9.10518171947922e-06,logic,0.0,a green thing facing forwards,1.0934167605830355e-09,logic,0.0,a grey desk facing to the left,7.603265858114182e-15,logic,0.0,a grey desk,1.0152765982262705e-06,logic,0.0,a grey desk,0.00029972477988849836,logic,0.0
67,67,a grey desk facing to the right,4.223330820596657e-07,logic,0.0,a grey desk facing to the left,3.2276867519161203e-06,logic,0.0,a grey desk,3.522824327875326e-05,logic,0.0,a green thing facing to the left,2.3953207158774694e-10,logic,0.0,a grey desk,2.954222090919294e-14,logic,0.0,a grey desk facing to the right,5.4399502539661166e-08,logic,0.0,a grey desk facing to the right,3.5178724009601115e-06,logic,0.0
68,68,a green thing facing forwards,1.3397763831086132e-08,logic,0.008092949180777322,a grey desk,6.521673603859913e-06,logic,0.0,a grey desk facing to the right,2.183051138211503e-07,logic,0.0,a green thing,2.7184637343777412e-08,logic,0.0,a grey desk facing to the right,1.2528441066209813e-15,logic,0.0,a green thing facing forwards,5.92664895059447e-09,logic,0.007587690950196998,a green thing facing forwards,7.544131312065267e-10,logic,0.0
69,69,a green thing facing to the left,4.385907703362854e-12,logic,0.0,a grey desk facing to the right,3.299176864520745e-07,logic,0.0,a green thing facing forwards,1.6862290292460134e-08,logic,0.0071095242891804225,a green thing facing to the right,4.3195987596676236e-10,logic,0.0,a green thing facing forwards,8.222915973186882e-21,logic,0.0,a green thing facing to the left,9.305099131024609e-12,logic,0.0,a green thing facing to the left,6.90676359394479e-11,logic,0.0
70,70,a green thing,6.334129242666499e-08,logic,0.010832101211194262,a green thing facing forwards,1.315192689959477e-12,logic,0.0,a green thing facing to the left,2.045298102409663e-11,logic,0.0,a green chair facing forwards,2.6984549677171308e-05,logic,0.0,a green thing facing to the left,3.519998031645311e-20,logic,0.0,a green thing,5.4756875306391684e-08,logic,0.010155832502571367,a green thing,1.0025475850227363e-08,logic,0.0
71,71,a green thing facing to the right,5.324296031417209e-12,logic,0.0,a green thing facing to the left,3.2469728008456664e-12,logic,0.0,a green thing,1.8955682638571343e-07,logic,0.009515824817826105,a green chair facing to the left,1.0638000665270872e-05,logic,0.0,a green thing,1.3659017341462087e-16,logic,0.010179127605428698,a green thing facing to the right,8.79033640593777e-12,logic,0.0,a green thing facing to the right,4.1800968430001567e-11,logic,0.0
72,72,a green chair facing forwards,1.0342742023012603e-05,logic,0.0,a green thing,6.401756875943724e-08,logic,0.009230598092765857,a green thing facing to the right,2.0953750222374883e-11,logic,0.0,a green chair,8.475778711358312e-05,logic,0.0,a green thing facing to the right,6.824775037242371e-18,logic,0.01002489839928584,a green chair facing forwards,0.006427608388526382,logic,0.022763072850590996,a green chair facing forwards,5.3133818702059516e-05,logic,0.0
73,73,a green chair facing to the left,1.2517266607569465e-06,logic,0.0,a green thing facing to the right,2.7504127174498877e-09,logic,0.009090740545905768,a green chair facing forwards,0.00010321110052046078,logic,0.0,a green chair facing to the right,7.075739342244938e-06,logic,0.0,a green chair facing forwards,1.2319352618681081e-14,logic,0.0,a green chair facing to the left,3.7025544891684947e-05,logic,0.0,a green chair facing to the left,4.195499567865856e-06,logic,0.0
74,74,a green chair,2.751082029233715e-05,logic,0.0,a green chair facing forwards,2.7235828155443653e-07,logic,0.0,a green chair facing to the left,2.608847416801694e-06,logic,0.0,a green desk facing forwards,0.0001064732344331092,logic,0.0,a green chair facing to the left,4.2191551244611775e-14,logic,0.0,a green chair,0.008185378277750057,logic,0.025389581256428418,a green chair,8.632756555897575e-05,logic,0.0
75,75,a green chair facing to the right,4.0311240535762375e-06,logic,0.0,a green chair facing to the left,1.219136021810121e-06,logic,0.0,a green chair,0.0001772882212133861,logic,0.0,a green desk facing to the left,1.873062327524542e-05,logic,0.0,a green chair,1.918337521496461e-11,logic,0.025447819013571744,a green chair facing to the right,3.9166785744822564e-05,logic,0.0,a green chair facing to the right,1.9172379608792855e-06,logic,0.0
76,76,a green desk facing forwards,0.0176452809544046,logic,0.012572974620136197,a green chair,3.480045781952026e-05,logic,0.0,a green chair facing to the right,1.527321824076568e-06,logic,0.0,a green desk,0.0003221532935039061,logic,0.0,a green chair facing to the right,1.136687932633186e-11,logic,0.02004979679857168,a green desk facing forwards,1.9014311047898695e-05,logic,0.0,a green desk facing forwards,9.99996700424412e-06,logic,0.0
77,77,a green desk facing to the left,1.3386442999870794e-05,logic,0.0,a green chair facing to the right,1.7420045271762927e-05,logic,0.0,a green desk facing forwards,0.004684039609176514,logic,0.011045153806405299,a green desk facing to the right,3.098222737238676e-05,logic,0.0,a green desk facing forwards,4.200828728512003e-15,logic,0.0,a green desk facing to the left,3.751507939365403e-07,logic,0.0,a green desk facing to the left,1.049311102932435e-06,logic,0.0
78,78,a green desk,0.02123362693408427,logic,0.01955796052021186,a green desk facing forwards,3.6048316420236745e-07,logic,0.0,a green desk facing to the left,1.5365148808194526e-05,logic,0.0,a large thing facing forwards,1.3876742182520315e-12,logic,0.0,a green desk facing to the left,7.355968888027682e-15,logic,0.0,a green desk,0.00022995264857961025,logic,0.0,a green desk,3.080735483416441e-05,logic,0.0
79,79,a green desk facing to the right,1.9005026267249367e-05,logic,0.0,a green desk facing to the left,1.7913355514719094e-06,logic,0.0,a green desk,0.009416901308187878,logic,0.017181350365519356,a large thing facing to the left,1.0021438985797793e-09,logic,0.008395855168926363,a green desk,1.317240589300089e-12,logic,0.0,a green desk facing to the right,6.520564264766834e-07,logic,0.0,a green desk facing to the right,1.9853833179255076e-06,logic,0.0
80,80,a large thing facing forwards,6.173311741701674e-12,logic,0.0,a green desk,0.0025894353850577003,logic,0.016666357667493907,a green desk facing to the right,2.1486672163644288e-05,logic,0.0,a large thing,6.485803522130473e-08,logic,0.01033336020790937,a green desk facing to the right,1.312432374201327e-13,logic,0.0,a large thing facing forwards,7.655677413147293e-10,logic,0.011381536425295498,a large thing facing forwards,2.0487680996498317e-13,logic,0.0
81,81,a large thing facing to the left,1.7603301975064087e-12,logic,0.0,a green desk facing to the right,0.001446895931420231,logic,0.018749652375930646,a large thing facing forwards,2.7968845757720802e-09,logic,0.010664286433770634,a large chair facing forwards,1.165869707273417e-08,logic,0.0,a large thing facing forwards,3.2116386900327557e-21,logic,0.0,a large thing facing to the left,1.0154071246666064e-12,logic,0.0,a large thing facing to the left,9.97174833832027e-10,logic,0.008708390770052133
82,82,a large thing,2.0077335125236572e-10,logic,0.0,a large thing facing forwards,2.0928105035143114e-13,logic,0.0,a large thing facing to the left,4.505108964712193e-12,logic,0.0,a large chair facing to the left,6.311083129762795e-06,logic,0.0,a large thing facing to the left,4.0982812118305357e-20,logic,0.0,a large thing,4.169578472713701e-08,logic,0.012694790628214209,a large thing,3.303575475051517e-08,logic,0.010718019409294934
83,83,a large chair facing forwards,1.1382930624159739e-07,logic,0.0,a large thing facing to the left,9.12353253103668e-13,logic,0.0,a large thing,1.2724884050342586e-07,logic,0.01189478102228263,a large chair,1.0452319508108516e-05,logic,0.0,a large thing,1.7772140341332704e-18,logic,0.0,a large chair facing forwards,0.0005159170408311876,logic,0.022763072850590996,a large chair facing forwards,3.3968186344022316e-08,logic,0.0
84,84,a large chair facing to the left,2.157843092978594e-06,logic,0.0,a large thing,4.952227882440949e-10,logic,0.0,a large chair facing forwards,9.260040736136574e-06,logic,0.0,a large desk facing forwards,2.854302186752978e-06,logic,0.0,a large chair facing forwards,1.672070102731371e-16,logic,0.0,a large chair facing to the left,5.5829087486396966e-06,logic,0.0,a large chair facing to the left,0.00018284471557551915,logic,0.017416781540104266
85,85,a large chair,4.4039270051319185e-06,logic,0.0,a large chair facing forwards,3.784803483475551e-08,logic,0.0,a large chair facing to the left,6.900141253102616e-06,logic,0.0,a large desk facing to the left,0.0034036571899982953,logic,0.01733337841326733,a large chair facing to the left,9.475493116508661e-15,logic,0.0,a large chair,0.0007385819655760228,logic,0.025389581256428418,a large chair,0.0002769764177000792,logic,0.021436038818589867
86,86,a large desk facing forwards,3.19189376095043e-06,logic,0.0,a large chair facing to the left,6.359366238870706e-07,logic,0.0,a large chair,3.068673487136875e-05,logic,0.0,a large desk,0.007849728986378413,logic,0.022388947117136966,a large chair,1.8380726358833942e-14,logic,0.0,a large desk facing forwards,1.1336727829895567e-05,logic,0.0,a large desk facing forwards,1.3558176578896738e-07,logic,0.0
87,87,a large desk facing to the left,6.773914519590097e-07,logic,0.0,a large chair,1.4988065907973525e-06,logic,0.0,a large desk facing forwards,0.005765831463219593,logic,0.022090307612810597,"a large, grey thing facing forwards",1.344620870503829e-12,logic,0.0,a large desk facing forwards,2.1512353728227107e-16,logic,0.0,a large desk facing to the left,4.0221137490719876e-07,logic,0.0,a large desk facing to the left,4.503582909382211e-06,logic,0.0
88,88,a large desk,7.500439547267486e-06,logic,0.0,a large desk facing forwards,1.3027999359864276e-07,logic,0.0,a large desk facing to the left,2.650513447348677e-05,logic,0.0,"a large, grey thing facing to the left",4.894730470945572e-09,logic,0.007070193826464306,a large desk facing to the left,1.3208765715596201e-15,logic,0.0,a large desk,2.8159276689410464e-05,logic,0.0,a large desk,1.1855282611479375e-05,logic,0.0
89,89,"a large, grey thing facing forwards",4.49226760845855e-14,logic,0.0,a large desk facing to the left,5.512534188748777e-07,logic,0.0,a large desk,0.013305262321350908,logic,0.02577202554827903,"a large, grey thing",1.470932925586379e-08,logic,0.014140387652928611,a large desk,4.511010984960089e-15,logic,0.0,"a large, grey thing facing forwards",1.2243790966796274e-14,logic,0.0,"a large, grey thing facing forwards",1.0543504860622292e-12,logic,0.0
90,90,"a large, grey thing facing to the left",9.160704585728118e-12,logic,0.0,a large desk,1.485478030925923e-05,logic,0.0,"a large, grey thing facing forwards",5.355842383360653e-15,logic,0.0,"a large, grey chair facing forwards",1.1197105373636589e-07,logic,0.0,"a large, grey thing facing forwards",7.696851518127799e-23,logic,0.0,"a large, grey thing facing to the left",4.292959135659569e-12,logic,0.0,"a large, grey thing facing to the left",1.9714100079877678e-08,logic,0.0073333817010965315
91,91,"a large, grey thing",4.134272058872783e-11,logic,0.0,"a large, grey thing facing forwards",3.594177289112219e-14,logic,0.0,"a large, grey thing facing to the left",3.2621225203521243e-12,logic,0.0,"a large, grey chair facing to the left",0.00040596262383514245,logic,0.0,"a large, grey thing facing to the left",1.3792249345084578e-19,logic,0.0,"a large, grey thing",1.3157129225736647e-11,logic,0.0,"a large, grey thing",4.0399817584502056e-08,logic,0.014666763402193063
92,92,"a large, grey chair facing forwards",9.903757199580372e-09,logic,0.0,"a large, grey thing facing to the left",1.6932022510950535e-11,logic,0.0,"a large, grey thing",1.7348488470063225e-11,logic,0.0,"a large, grey chair",0.0005217666682219897,logic,0.0,"a large, grey thing",4.385509266293685e-19,logic,0.0,"a large, grey chair facing forwards",3.99455233610994e-09,logic,0.0,"a large, grey chair facing forwards",1.4953980023115799e-06,logic,0.0
93,93,"a large, grey chair facing to the left",1.191587236557878e-05,logic,0.0,"a large, grey thing",7.862944748631559e-11,logic,0.0,"a large, grey chair facing forwards",1.9839378869012916e-10,logic,0.0,"a large, grey desk facing forwards",5.98050387521547e-06,logic,0.0,"a large, grey chair facing forwards",2.1490197158774715e-17,logic,0.0,"a large, grey chair facing to the left",5.016509465583528e-06,logic,0.0,"a large, grey chair facing to the left",0.47114418159445515,logic,0.014666763402193063
94,94,"a large, grey chair",1.3489375701138256e-05,logic,0.0,"a large, grey chair facing forwards",1.896493820188617e-09,logic,0.0,"a large, grey chair facing to the left",3.4422387616897945e-07,logic,0.0,"a large, grey desk facing to the left",0.2534147176781303,logic,0.014522560292196953,"a large, grey chair facing to the left",2.554819915695859e-13,logic,0.0,"a large, grey chair",5.732176084228807e-06,logic,0.0,"a large, grey chair",0.5097570635642737,logic,0.029333526804386126
95,95,"a large, grey desk facing forwards",4.300018978255104e-08,logic,0.0,"a large, grey chair facing to the left",3.855104200568677e-06,logic,0.0,"a large, grey chair",4.2032245551923803e-07,logic,0.0,"a large, grey desk",0.4896253721072735,logic,0.02985192948951595,"a large, grey chair",2.763699618972302e-13,logic,0.0,"a large, grey desk facing forwards",8.408874803045e-09,logic,0.0,"a large, grey desk facing forwards",5.699081110740944e-06,logic,0.0
96,96,"a large, grey desk facing to the left",8.82838609185762e-06,logic,0.0,"a large, grey chair",4.326943023400085e-06,logic,0.0,"a large, grey desk facing forwards",1.6174727509902942e-08,logic,0.0,"a large, green thing facing forwards",2.1894920314104682e-10,logic,0.0,"a large, grey desk facing forwards",5.772681127882383e-17,logic,0.0,"a large, grey desk facing to the left",6.868611088839481e-07,logic,0.0,"a large, grey desk facing to the left",0.0019420619585994617,logic,0.0
97,97,"a large, grey desk",1.0484277838057816e-05,logic,0.0,"a large, grey desk facing forwards",3.5773772002104976e-08,logic,0.0,"a large, grey desk facing to the left",3.362656735111442e-05,logic,0.0,"a large, green thing facing to the left",2.3115754681100776e-11,logic,0.0,"a large, grey desk facing to the left",1.680461304427657e-14,logic,0.0,"a large, grey desk",9.467281973037876e-07,logic,0.0,"a large, grey desk",0.002632573514593118,logic,0.0
98,98,"a large, green thing facing forwards",6.995669151213491e-11,logic,0.0,"a large, grey desk facing to the left",4.819190747207479e-05,logic,0.0,"a large, grey desk",5.148135842545928e-05,logic,0.0,"a large, green thing",8.744856599825902e-10,logic,0.0,"a large, grey desk",2.348026833688379e-14,logic,0.0,"a large, green thing facing forwards",8.362826061270303e-09,logic,0.009168459898154705,"a large, green thing facing forwards",2.1986846303899376e-11,logic,0.0
99,99,"a large, green thing facing to the left",2.236904526151295e-12,logic,0.0,"a large, grey desk",5.593740186736049e-05,logic,0.0,"a large, green thing facing forwards",7.80052081721625e-09,logic,0.008590675182759678,"a large, green chair facing forwards",3.824875090205512e-05,logic,0.0,"a large, green thing facing forwards",4.462973365556407e-19,logic,0.0,"a large, green thing facing to the left",1.1752274681256117e-11,logic,0.0,"a large, green thing facing to the left",5.136779010050212e-13,logic,0.0
100,100,"a large, green thing",1.515580360441884e-10,logic,0.0,"a large, green thing facing forwards",1.535872025844494e-12,logic,0.0,"a large, green thing facing to the left",7.617020368940018e-12,logic,0.0,"a large, green chair facing to the left",1.3095793730228711e-06,logic,0.0,"a large, green thing facing to the left",1.3664878666000723e-20,logic,0.0,"a large, green thing",1.9289415622894267e-08,logic,0.01650322781667847,"a large, green thing",4.822820191992777e-11,logic,0.0
101,101,"a large, green chair facing forwards",3.1751758621859025e-05,logic,0.0,"a large, green thing facing to the left",3.5913576493779852e-12,logic,0.0,"a large, green thing",1.830824236780226e-08,logic,0.01546321532896742,"a large, green chair",4.549590894923539e-05,logic,0.0,"a large, green thing",1.4072871022721525e-18,logic,0.0,"a large, green chair facing forwards",0.4762528415856011,logic,0.01833691979630941,"a large, green chair facing forwards",2.5839405694633928e-05,logic,0.0
102,102,"a large, green chair facing to the left",1.692665706641033e-06,logic,0.0,"a large, green thing",5.163615941217959e-10,logic,0.0,"a large, green chair facing forwards",4.7288558263756395e-05,logic,0.0,"a large, green desk facing forwards",0.0006602898242148249,logic,0.0,"a large, green chair facing forwards",1.8622506912039682e-12,logic,0.0,"a large, green chair facing to the left",0.0001337107714962766,logic,0.0,"a large, green chair facing to the left",1.1027850602405352e-07,logic,0.0
103,103,"a large, green chair",3.606826387228365e-05,logic,0.0,"a large, green chair facing forwards",5.897901393509909e-06,logic,0.0,"a large, green chair facing to the left",2.0838528845775279e-07,logic,0.0,"a large, green desk facing to the left",1.998357056339324e-05,logic,0.0,"a large, green chair facing to the left",7.90186404063678e-15,logic,0.0,"a large, green chair",0.5052040357756149,logic,0.03300645563335694,"a large, green chair",2.778036239796823e-05,logic,0.0
104,104,"a large, green desk facing forwards",6.785016045757142e-05,logic,0.0,"a large, green chair facing to the left",3.799031741111378e-07,logic,0.0,"a large, green chair",5.4401085460395017e-05,logic,0.0,"a large, green desk",0.0008031953046335528,logic,0.0,"a large, green chair",1.9944005809106065e-12,logic,0.0,"a large, green desk facing forwards",0.0003399716523655213,logic,0.0,"a large, green desk facing forwards",1.1575989692054192e-06,logic,0.0
105,105,"a large, green desk facing to the left",1.877745814278711e-06,logic,0.0,"a large, green chair",7.643829575294827e-06,logic,0.0,"a large, green desk facing forwards",0.4144272678164213,logic,0.01767224609024848,a small thing facing forwards,1.845136362064997e-11,logic,0.0,"a large, green desk facing forwards",2.3514957570898652e-14,logic,0.0,"a large, green desk facing to the left",2.0097186909136405e-06,logic,0.0,"a large, green desk facing to the left",3.9087897005980505e-08,logic,0.0
106,106,"a large, green desk",7.675119258643066e-05,logic,0.0,"a large, green desk facing forwards",9.437568690286782e-07,logic,0.0,"a large, green desk facing to the left",5.697173657695466e-05,logic,0.0,a small thing,6.851520186461027e-09,logic,0.0,"a large, green desk facing to the left",1.2083096560008836e-15,logic,0.0,"a large, green desk",0.0006245523369774216,logic,0.0,"a large, green desk",1.4177722019492153e-06,logic,0.0
107,107,a small thing facing forwards,3.878514995380052e-09,logic,0.024278847542331967,"a large, green desk facing to the left",2.044341780966015e-06,logic,0.0,"a large, green desk",0.522605704451588,logic,0.03255413753466825,a small thing facing to the right,3.987528528070341e-11,logic,0.0,"a large, green desk",3.2396435236561246e-14,logic,0.0,a small thing facing forwards,9.116232707329308e-12,logic,0.0,a small thing facing forwards,1.2784899689904813e-12,logic,0.0
108,108,a small thing,1.8113064377035448e-07,logic,0.018053502018657103,"a large, green desk",0.0004716980560096006,logic,0.0,a small thing facing forwards,1.7506520769570444e-10,logic,0.0,a small chair,8.286084299692272e-06,logic,0.0,a small thing facing forwards,1.5526264157349469e-21,logic,0.0,a small thing,1.2191273653881051e-09,logic,0.0,a small thing,1.2849850887628281e-09,logic,0.0
109,109,a small thing facing to the right,4.140125134262219e-12,logic,0.0,a small thing facing forwards,6.613847485552283e-13,logic,0.0,a small thing,1.75404968068684e-08,logic,0.0,a small chair facing to the right,1.5873317732797009e-06,logic,0.0,a small thing,3.3418017365003304e-16,logic,0.016965212675714495,a small thing facing to the right,3.679071173729923e-12,logic,0.0,a small thing facing to the right,9.208587355501055e-12,logic,0.0
110,110,a small chair,1.2757752753114992e-05,logic,0.0,a small thing,5.4464694056431764e-08,logic,0.01538433015460976,a small thing facing to the right,1.6627140964306593e-11,logic,0.0,a small desk facing forwards,7.02115758990967e-06,logic,0.0,a small thing facing to the right,2.7764574985800155e-18,logic,0.01002489839928584,a small chair,2.0099046113715047e-06,logic,0.0,a small chair,2.1260094354530954e-06,logic,0.0
111,111,a small chair facing to the right,5.082767152333785e-06,logic,0.0,a small thing facing to the right,5.481041559008186e-10,logic,0.009090740545905768,a small chair,8.099737447483399e-06,logic,0.0,a small desk,3.634896104540582e-05,logic,0.0,a small chair,1.6964234452977282e-12,logic,0.05089563802714349,a small chair facing to the right,6.592363660597245e-07,logic,0.0,a small chair facing to the right,6.348438509151201e-07,logic,0.0
112,112,a small desk facing forwards,0.007789657109864281,logic,0.025145949240272393,a small chair,6.0337080247708455e-06,logic,0.0,a small chair facing to the right,1.8381670435378194e-06,logic,0.0,a small desk facing to the right,5.373685630625586e-06,logic,0.0,a small chair facing to the right,9.977572570602386e-13,logic,0.02004979679857168,a small desk facing forwards,7.312686295300071e-07,logic,0.0,a small desk facing forwards,5.133513524861662e-07,logic,0.0
113,113,a small desk,0.012251911836729981,logic,0.029336940780317792,a small chair facing to the right,3.109698189793237e-06,logic,0.0,a small desk facing forwards,3.709477928191183e-05,logic,0.0,"a small, grey thing facing forwards",5.976833491404731e-13,logic,0.0,a small desk facing forwards,2.0764150979010773e-14,logic,0.0,a small desk,2.7807505193145523e-06,logic,0.0,a small desk,2.2781099828528036e-06,logic,0.0
114,114,a small desk facing to the right,1.3794432925200158e-05,logic,0.0,a small desk facing forwards,4.851349336313917e-07,logic,0.0,a small desk,0.00014553043887863366,logic,0.0,"a small, grey thing",2.466336617445285e-10,logic,0.0,a small desk,1.7691286813340647e-13,logic,0.0,a small desk facing to the right,2.7627716984976334e-07,logic,0.0,a small desk facing to the right,1.7655661539489572e-07,logic,0.0
115,115,"a small, grey thing facing forwards",5.545480779025e-12,logic,0.0,a small desk,0.0018767380585723592,logic,0.02499953650124086,a small desk facing to the right,4.266812832148453e-06,logic,0.0,"a small, grey thing facing to the right",6.179701820023821e-12,logic,0.0,a small desk facing to the right,3.815864401075433e-14,logic,0.0,"a small, grey thing facing forwards",1.1011984997578368e-13,logic,0.0,"a small, grey thing facing forwards",9.107285745482739e-14,logic,0.0
116,116,"a small, grey thing",3.365103635294655e-11,logic,0.0,a small desk facing to the right,0.001087201749707768,logic,0.018749652375930646,"a small, grey thing facing forwards",4.174974953033691e-13,logic,0.0,"a small, grey chair",2.898720085711686e-06,logic,0.0,"a small, grey thing facing forwards",7.125821136708531e-21,logic,0.0,"a small, grey thing",7.047757854902284e-12,logic,0.0,"a small, grey thing",3.876945297958979e-11,logic,0.0
117,117,"a small, grey thing facing to the right",2.201875929485389e-12,logic,0.0,"a small, grey thing facing forwards",6.55099775924538e-13,logic,0.0,"a small, grey thing",3.103350492759818e-11,logic,0.0,"a small, grey chair facing to the right",3.078098745504534e-07,logic,0.0,"a small, grey thing",7.293643877139157e-19,logic,0.0,"a small, grey thing facing to the right",3.349651824015067e-13,logic,0.0,"a small, grey thing facing to the right",1.1254972208542508e-12,logic,0.0
118,118,"a small, grey chair",4.950984077986166e-07,logic,0.0,"a small, grey thing",1.3877843655021559e-10,logic,0.0,"a small, grey thing facing to the right",1.2326717166281093e-12,logic,0.0,"a small, grey desk facing forwards",4.5607768147552747e-07,logic,0.0,"a small, grey thing facing to the right",1.2373908463659122e-19,logic,0.0,"a small, grey chair",1.843271099206279e-07,logic,0.0,"a small, grey chair",1.963400374701722e-06,logic,0.0
119,119,"a small, grey chair facing to the right",7.268863713189628e-08,logic,0.0,"a small, grey thing facing to the right",3.084734333336739e-11,logic,0.0,"a small, grey chair",7.820759714051881e-07,logic,0.0,"a small, grey desk",2.5737151174524072e-05,logic,0.0,"a small, grey chair",2.1428261586993975e-14,logic,0.0,"a small, grey chair facing to the right",3.6166483176627664e-08,logic,0.0,"a small, grey chair facing to the right",2.1816744767233172e-07,logic,0.0
120,120,"a small, grey desk facing forwards",7.448009695386562e-07,logic,0.0,"a small, grey chair",1.7342162921107308e-06,logic,0.0,"a small, grey chair facing to the right",1.3041512576736915e-07,logic,0.0,"a small, grey desk facing to the right",4.070686582557328e-06,logic,0.0,"a small, grey chair facing to the right",5.492096624401517e-15,logic,0.0,"a small, grey desk facing forwards",1.7379698344867576e-08,logic,0.0,"a small, grey desk facing forwards",7.021456934494892e-08,logic,0.0
121,121,"a small, grey desk",2.0327801216040264e-06,logic,0.0,"a small, grey chair facing to the right",5.708430867227565e-07,logic,0.0,"a small, grey desk facing forwards",1.249333744487603e-07,logic,0.0,"a small, green thing facing forwards",2.2173047928577766e-10,logic,0.0,"a small, grey desk facing forwards",9.97304808848822e-16,logic,0.0,"a small, grey desk",1.380546264333541e-07,logic,0.0,"a small, grey desk",6.755152009114318e-07,logic,0.0
122,122,"a small, grey desk facing to the right",3.6568360564151176e-07,logic,0.0,"a small, grey desk facing forwards",4.475429061647462e-08,logic,0.0,"a small, grey desk",1.4388529953506568e-06,logic,0.0,"a small, green thing",2.6643778633079873e-09,logic,0.0,"a small, grey desk",8.528712462352496e-15,logic,0.0,"a small, grey desk facing to the right",2.9765913757772108e-08,logic,0.0,"a small, grey desk facing to the right",1.6274032686181942e-07,logic,0.0
123,123,"a small, green thing facing forwards",1.706720808299881e-08,logic,0.01955796052021186,"a small, grey desk",9.683766911756211e-06,logic,0.0,"a small, grey desk facing to the right",2.7011433952971444e-07,logic,0.0,"a small, green thing facing to the right",1.2235827999731122e-10,logic,0.0,"a small, grey desk facing to the right",2.321573458177152e-15,logic,0.0,"a small, green thing facing forwards",5.714891199761744e-11,logic,0.0,"a small, green thing facing forwards",6.75127404525117e-11,logic,0.0
124,124,"a small, green thing",4.6068720309495824e-08,logic,0.011734776312127116,"a small, grey desk facing to the right",6.163659341754411e-06,logic,0.0,"a small, green thing facing forwards",3.649256875894796e-10,logic,0.0,"a small, green chair",1.4571295481096772e-05,logic,0.0,"a small, green thing facing forwards",3.178609959087466e-20,logic,0.0,"a small, green thing",3.281637356348873e-10,logic,0.0,"a small, green thing",7.595632901498978e-10,logic,0.0
125,125,"a small, green thing facing to the right",1.2166531818085095e-11,logic,0.0,"a small, green thing facing forwards",1.2110970460017388e-12,logic,0.0,"a small, green thing",1.979486274048705e-09,logic,0.0,"a small, green chair facing to the right",1.0082504862130808e-05,logic,0.0,"a small, green thing",2.4354197226950273e-16,logic,0.011027388239214422,"a small, green thing facing to the right",1.6232327918579147e-11,logic,0.0,"a small, green thing facing to the right",7.503000305980438e-11,logic,0.0
126,126,"a small, green chair",5.41318661553048e-05,logic,0.0,"a small, green thing",1.4288269579148286e-08,logic,0.009999814600496343,"a small, green thing facing to the right",1.6689225261726228e-11,logic,0.0,"a small, green desk facing forwards",0.00028577751256303636,logic,0.0,"a small, green thing facing to the right",7.614636244087437e-17,logic,0.008270541179410817,"a small, green chair",5.2585932733370404e-05,logic,0.0,"a small, green chair",2.2632861339193268e-05,logic,0.0
127,127,"a small, green chair facing to the right",3.8828788771245945e-05,logic,0.0,"a small, green thing facing to the right",4.288390299291027e-09,logic,0.007499860950372259,"a small, green chair",4.905735105957026e-06,logic,0.0,"a small, green desk",0.0004938150523953117,logic,0.0,"a small, green chair",2.588882964613276e-09,logic,0.03308216471764327,"a small, green chair facing to the right",3.6174472205363816e-05,logic,0.0,"a small, green chair facing to the right",1.957676308792007e-05,logic,0.0
128,128,"a small, green desk facing forwards",0.43132872918776594,logic,0.020116759392217912,"a small, green chair",3.6598750857093824e-05,logic,0.0,"a small, green chair facing to the right",3.2481877038601756e-06,logic,0.0,"a small, green desk facing to the right",0.00010814334315396012,logic,0.0,"a small, green chair facing to the right",2.3067454261119743e-09,logic,0.016541082358821634,"a small, green desk facing forwards",2.398006301045973e-05,logic,0.0,"a small, green desk facing forwards",5.391417258260443e-05,logic,0.0
129,129,"a small, green desk",0.4768924326196351,logic,0.018528594177042813,"a small, green chair facing to the right",3.105680962203647e-05,logic,0.0,"a small, green desk facing forwards",0.0009579267649429739,logic,0.0,,,,,"a small, green desk facing forwards",3.6887846122990523e-13,logic,0.0,"a small, green desk",4.2110771576230155e-05,logic,0.0,"a small, green desk",7.924167288805494e-05,logic,0.0
130,130,"a small, green desk facing to the right",0.00010547926626190046,logic,0.0,"a small, green desk facing forwards",7.1501608505632445e-06,logic,0.0,"a small, green desk",0.0013189078785558956,logic,0.0,,,,,"a small, green desk",1.0145435690091076e-11,logic,0.0,"a small, green desk facing to the right",8.905269428210323e-06,logic,0.0,"a small, green desk facing to the right",1.1386803181293297e-05,logic,0.0
131,131,,,,,"a small, green desk",0.5154240268293189,logic,0.015789180948152123,"a small, green desk facing to the right",3.211688076324414e-05,logic,0.0,,,,,"a small, green desk facing to the right",7.082142248396954e-12,logic,0.0,,,,,,,,
132,132,,,,,"a small, green desk facing to the right",0.47246482965868614,logic,0.01538433015460976,,,,,,,,,,,,,,,,,,,,
