|Sequence|o1_llm|o2_llm|o3_llm|o4_llm|o5_llm|o6_llm|o7_llm
0|a grey thing facing forwards|-44.50722122192383|-20.10242462158203|-43.39513397216797|-39.49396896362305|-43.31623458862305|-22.12432861328125|-38.44809341430664
1|a grey thing facing to the left|-47.12309265136719|-23.506444931030273|-46.46495819091797|-46.674095153808594|-48.203617095947266|-24.63052749633789|-45.92470932006836
2|a grey thing|-42.08917236328125|-18.147483825683594|-40.89109420776367|-37.27631759643555|-41.53715896606445|-20.15641212463379|-37.239967346191406
3|a grey thing facing backwards|-46.43070983886719|-21.137393951416016|-46.38057327270508|-46.067501068115234|-47.189239501953125|-24.375450134277344|-45.43378448486328
4|a grey chair facing forwards|-33.71013641357422|-10.373220443725586|-33.41154861450195|-26.46245574951172|-35.098297119140625|-13.730441093444824|-30.319318771362305
5|a grey chair facing to the left|-36.32584762573242|-13.261117935180664|-36.623443603515625|-32.17424774169922|-38.188331604003906|-15.93332576751709|-34.695106506347656
6|a grey chair|-32.81173324584961|-9.740854263305664|-32.02136993408203|-25.77403450012207|-33.865264892578125|-12.335180282592773|-29.406494140625
7|a grey chair facing backwards|-36.42599868774414|-11.837596893310547|-37.35884094238281|-33.86061477661133|-37.73726272583008|-16.27392578125|-35.463043212890625
8|a grey fan facing forwards|-35.46559524536133|-11.430103302001953|-34.096923828125|-30.478580474853516|-31.715036392211914|-11.506952285766602|-26.482358932495117
9|a grey fan facing to the left|-38.47164535522461|-14.87214469909668|-37.72154235839844|-34.649417877197266|-36.11430358886719|-14.798661231994629|-32.429744720458984
10|a grey fan|-34.71812057495117|-10.90174674987793|-33.27100372314453|-29.28507423400879|-31.20565414428711|-11.076423645019531|-26.066009521484375
11|a grey fan facing backwards|-38.652687072753906|-14.936887741088867|-38.52833938598633|-36.46404266357422|-36.17938995361328|-15.169342041015625|-34.01853561401367
12|a green thing facing forwards|-49.43928146362305|-24.44571304321289|-45.709877014160156|-46.90094757080078|-48.605995178222656|-25.039203643798828|-46.56317138671875
13|a green thing facing to the left|-43.535987854003906|-19.971939086914062|-38.69318771362305|-41.53044509887695|-42.22978973388672|-17.11469268798828|-40.604148864746094
14|a green thing|-40.449066162109375|-17.38953399658203|-34.6298942565918|-38.124080657958984|-38.95975875854492|-14.028533935546875|-37.56151580810547
15|a green thing facing backwards|-48.239288330078125|-22.935914993286133|-46.06382751464844|-45.70192337036133|-46.66670608520508|-24.512252807617188|-44.87455368041992
16|a green chair facing forwards|-38.26106262207031|-14.940730094909668|-34.558624267578125|-38.04450225830078|-38.616851806640625|-15.293323516845703|-37.4478645324707
17|a green chair facing to the left|-31.915447235107422|-9.923351287841797|-25.836219787597656|-32.13863754272461|-32.9078483581543|-6.960014343261719|-31.52412986755371
18|a green chair|-31.210643768310547|-9.385727882385254|-24.296276092529297|-30.73557472229004|-31.24345588684082|-6.023190975189209|-29.937347412109375
19|a green chair facing backwards|-37.262168884277344|-13.383788108825684|-35.248043060302734|-37.13819122314453|-36.682350158691406|-14.264944076538086|-35.763031005859375
20|a green fan facing forwards|-41.62667465209961|-18.282373428344727|-42.405784606933594|-40.75154495239258|-38.00200653076172|-13.756453514099121|-37.51890563964844
21|a green fan facing to the left|-35.48630142211914|-12.832639694213867|-33.78262710571289|-35.03277587890625|-30.930553436279297|-4.23314905166626|-30.92987632751465
22|a green fan|-34.8394660949707|-12.21333122253418|-32.13220977783203|-33.892242431640625|-29.787752151489258|-3.3334898948669434|-30.112686157226562
23|a green fan facing backwards|-39.99384307861328|-16.632587432861328|-41.83016586303711|-39.18418884277344|-36.108585357666016|-13.145474433898926|-35.654170989990234
24|a thing facing forwards|-51.99553680419922|-24.831127166748047|-50.612937927246094|-43.7625617980957|-49.4684944152832|-27.234018325805664|-42.14186096191406
25|a thing facing to the left|-45.13704299926758|-24.209320068359375|-43.78578186035156|-51.17977523803711|-48.686580657958984|-20.510665893554688|-49.07719802856445
26|a thing|-37.29286193847656|-14.691226959228516|-37.156837463378906|-37.7913818359375|-36.47295379638672|-15.310569763183594|-36.893680572509766
27|a thing facing backwards|-49.76412582397461|-18.599523544311523|-50.732566833496094|-50.2358512878418|-43.57320022583008|-26.364511489868164|-48.779396057128906
28|a chair facing forwards|-37.77855682373047|-11.457259178161621|-37.023685455322266|-29.699615478515625|-34.82415008544922|-14.483987808227539|-30.565738677978516
29|a chair facing to the left|-29.402828216552734|-10.317890167236328|-28.884523391723633|-35.54426574707031|-34.78626251220703|-9.478105545043945|-33.316993713378906
30|a chair|-27.194488525390625|-4.7987165451049805|-27.253765106201172|-28.10675048828125|-30.81282615661621|-7.987782955169678|-29.092979431152344
31|a chair facing backwards|-36.17947006225586|-5.309151649475098|-37.309608459472656|-36.95436477661133|-32.83981704711914|-12.462629318237305|-33.47922897338867
32|a fan facing forwards|-38.6704216003418|-13.886053085327148|-42.3388786315918|-35.89368438720703|-34.05047607421875|-15.331523895263672|-28.805131912231445
33|a fan facing to the left|-38.716285705566406|-12.84581184387207|-36.52640151977539|-39.91472625732422|-33.23648452758789|-7.08945369720459|-34.47996139526367
34|a fan|-35.64601135253906|-8.192154884338379|-35.14695358276367|-34.561988830566406|-26.65805435180664|-6.4280009269714355|-27.903114318847656
35|a fan facing backwards|-37.941619873046875|-9.210491180419922|-41.10845184326172|-40.57717514038086|-28.350791931152344|-14.48811149597168|-35.78572082519531
36|a blue thing facing forwards|-48.86895751953125|-23.552776336669922|-47.685340881347656|-42.208580017089844|-45.40376281738281|-22.182727813720703|-42.38385772705078
37|a blue thing facing to the left|-42.29336929321289|-22.629383087158203|-41.818111419677734|-39.66255187988281|-43.96831130981445|-19.910537719726562|-40.388450622558594
38|a blue thing|-37.154483795166016|-14.372406005859375|-37.274566650390625|-36.15449523925781|-36.14299392700195|-15.948612213134766|-36.055912017822266
39|a blue thing facing backwards|-47.31300735473633|-16.712326049804688|-46.04645538330078|-41.25821304321289|-39.01286697387695|-19.00151824951172|-39.32429122924805
40|a blue chair facing forwards|-35.066646575927734|-11.024101257324219|-37.613304138183594|-34.20546340942383|-36.153316497802734|-15.791952133178711|-35.156471252441406
41|a blue chair facing to the left|-26.288450241088867|-9.051017761230469|-31.42477035522461|-29.95382308959961|-31.111980438232422|-10.214167594909668|-30.060171127319336
42|a blue chair|-24.554296493530273|-4.417930603027344|-29.92076873779297|-28.989770889282227|-29.77707290649414|-9.246617317199707|-28.90753746032715
43|a blue chair facing backwards|-34.13982391357422|-4.626590728759766|-35.73094940185547|-32.42845916748047|-32.47236251831055|-13.013339042663574|-32.82493591308594
44|a blue fan facing forwards|-39.22506332397461|-13.31085205078125|-37.78925704956055|-33.9569091796875|-31.973581314086914|-12.665313720703125|-33.264198303222656
45|a blue fan facing to the left|-38.012046813964844|-12.186166763305664|-36.06644821166992|-32.977169036865234|-30.548826217651367|-11.14840030670166|-31.962692260742188
46|a blue fan|-35.50035858154297|-8.156360626220703|-33.47342300415039|-30.295082092285156|-25.01260757446289|-8.375716209411621|-28.6157169342041
47|a blue fan facing backwards|-36.763362884521484|-8.849784851074219|-34.94692611694336|-31.716995239257812|-26.050874710083008|-9.214963912963867|-29.540294647216797
48|a large, grey thing facing to the left|-48.613216400146484|-27.26527214050293|-46.08116149902344|-47.70235824584961|-48.668277740478516|-25.10808753967285|-47.26823043823242
49|a large, grey thing|-46.27431106567383|-22.971906661987305|-44.300880432128906|-43.52518081665039|-44.39373016357422|-23.492206573486328|-43.056053161621094
50|a large, grey thing facing backwards|-49.45673751831055|-24.386581420898438|-48.96717834472656|-47.515811920166016|-46.20418167114258|-27.535903930664062|-46.89284896850586
51|a large, grey chair facing to the left|-37.440643310546875|-17.745031356811523|-35.593448638916016|-37.76298141479492|-39.386566162109375|-16.793134689331055|-37.072471618652344
52|a large, grey chair|-36.64759826660156|-14.852434158325195|-35.10819625854492|-34.613101959228516|-37.20871353149414|-15.604052543640137|-34.66327667236328
53|a large, grey chair facing backwards|-39.006919860839844|-15.21458625793457|-38.78128433227539|-38.23422622680664|-38.88421630859375|-17.935588836669922|-37.16505432128906
54|a large, grey fan facing to the left|-41.180240631103516|-18.01871681213379|-37.39860153198242|-38.17342758178711|-37.28750228881836|-13.515129089355469|-35.84408187866211
55|a large, grey fan|-38.874141693115234|-15.520296096801758|-36.130062103271484|-34.97115707397461|-34.256797790527344|-12.879424095153809|-32.507511138916016
56|a large, grey fan facing backwards|-41.197410583496094|-17.259593963623047|-38.779232025146484|-38.28538513183594|-35.96729278564453|-16.150285720825195|-35.99943923950195
57|a large, green thing facing to the left|-47.84423065185547|-24.91060447692871|-37.69564437866211|-42.27683639526367|-45.0351676940918|-17.34754753112793|-40.347679138183594
58|a large, green thing|-46.57850646972656|-23.89659881591797|-36.65089416503906|-40.48992156982422|-43.70899963378906|-16.353330612182617|-39.15754699707031
59|a large, green thing facing backwards|-54.27272415161133|-28.801862716674805|-47.19285202026367|-47.91032791137695|-50.00645446777344|-26.21540069580078|-46.06633377075195
60|a large, green chair facing to the left|-34.081687927246094|-12.282035827636719|-22.356496810913086|-29.1531982421875|-33.918182373046875|-6.376564979553223|-28.007152557373047
61|a large, green chair|-33.95903778076172|-12.144760131835938|-22.203155517578125|-28.938888549804688|-33.52457046508789|-6.198771953582764|-27.77333641052246
62|a large, green chair facing backwards|-40.33256530761719|-16.45501708984375|-33.45201110839844|-36.064178466796875|-38.474369049072266|-12.440862655639648|-33.8282585144043
63|a large, green fan facing to the left|-39.35856628417969|-15.477631568908691|-30.27785873413086|-33.65749740600586|-31.982505798339844|-0.7847907543182373|-26.303573608398438
64|a large, green fan|-39.125343322753906|-15.281003952026367|-29.896358489990234|-33.30821990966797|-31.703392028808594|-0.6477810740470886|-26.162012100219727
65|a large, green fan facing backwards|-43.81322479248047|-19.123188018798828|-37.91872787475586|-39.008338928222656|-37.442962646484375|-9.839232444763184|-33.05653381347656
66|a large thing facing to the left|-43.674373626708984|-24.799955368041992|-43.33399963378906|-44.34374237060547|-48.36806106567383|-20.71038055419922|-45.597198486328125
67|a large thing|-37.34360122680664|-15.466645240783691|-38.2010498046875|-39.58863830566406|-36.73588562011719|-16.491558074951172|-39.18564987182617
68|a large thing facing backwards|-47.73734664916992|-19.49387550354004|-50.915374755859375|-45.91399383544922|-43.34449005126953|-27.27887725830078|-44.804622650146484
69|a large chair facing to the left|-28.72451400756836|-11.092867851257324|-28.808555603027344|-32.58121871948242|-34.999656677246094|-11.471793174743652|-33.47601318359375
70|a large chair|-27.187875747680664|-6.649819850921631|-27.569129943847656|-30.886268615722656|-32.102073669433594|-10.579315185546875|-31.614757537841797
71|a large chair facing backwards|-34.415611267089844|-7.169390678405762|-36.171897888183594|-34.034786224365234|-33.09760665893555|-14.336554527282715|-33.97019577026367
72|a large fan facing to the left|-38.796653747558594|-13.228754997253418|-35.98039627075195|-34.61106491088867|-31.922107696533203|-6.480662822723389|-31.360933303833008
73|a large fan|-36.797664642333984|-9.781126022338867|-35.327598571777344|-32.8330192565918|-26.60028839111328|-6.087129592895508|-29.500221252441406
74|a large fan facing backwards|-37.990482330322266|-10.30722713470459|-40.129432678222656|-34.896507263183594|-27.336824417114258|-13.527000427246094|-31.20258140563965
75|a large, blue thing facing to the left|-40.15154266357422|-20.179351806640625|-42.219825744628906|-41.367252349853516|-43.493656158447266|-23.93480110168457|-41.65715789794922
76|a large, blue thing|-38.0806884765625|-14.656188011169434|-40.157958984375|-39.23655319213867|-37.091861724853516|-20.957691192626953|-38.030757904052734
77|a large, blue thing facing backwards|-46.95713806152344|-15.470587730407715|-45.317161560058594|-44.02207946777344|-38.57581329345703|-22.931198120117188|-40.0499382019043
78|a large, blue chair facing to the left|-22.70916175842285|-7.481366157531738|-29.468095779418945|-27.657987594604492|-29.581954956054688|-10.977092742919922|-27.07037925720215
79|a large, blue chair|-22.527379989624023|-0.06252319365739822|-29.25556182861328|-27.463247299194336|-28.86501693725586|-10.758136749267578|-26.87967300415039
80|a large, blue chair facing backwards|-31.060564041137695|-0.08790034800767899|-32.96015167236328|-30.973360061645508|-30.02753257751465|-13.642611503601074|-30.40261459350586
81|a large, blue fan facing to the left|-34.09326171875|-10.198734283447266|-34.68843460083008|-34.00958251953125|-29.164859771728516|-11.943801879882812|-31.433475494384766
82|a large, blue fan|-32.16657257080078|-5.9748005867004395|-32.928123474121094|-30.6212158203125|-21.87940216064453|-9.149564743041992|-26.388635635375977
83|a large, blue fan facing backwards|-32.86516571044922|-6.28535795211792|-33.583702087402344|-31.144447326660156|-22.2951717376709|-9.526995658874512|-26.581146240234375
84|a small, grey thing facing forwards|-44.62181854248047|-19.735002517700195|-42.50162124633789|-38.42765426635742|-40.61714553833008|-21.077138900756836|-37.72853469848633
85|a small, grey thing|-43.10857009887695|-18.593536376953125|-40.997989654541016|-37.457664489746094|-39.53602600097656|-19.809541702270508|-37.061588287353516
86|a small, grey chair facing forwards|-31.96268653869629|-7.148067474365234|-30.339567184448242|-22.462602615356445|-30.21593475341797|-9.85949993133545|-27.441730499267578
87|a small, grey chair|-31.725053787231445|-6.954168796539307|-30.03691864013672|-22.208932876586914|-29.93708610534668|-9.546086311340332|-27.1630916595459
88|a small, grey fan facing forwards|-31.944711685180664|-8.085341453552246|-31.0350284576416|-26.61017608642578|-27.15205955505371|-8.352102279663086|-21.853557586669922
89|a small, grey fan|-31.6937198638916|-7.9204182624816895|-30.753793716430664|-26.153297424316406|-27.02393913269043|-8.206402778625488|-21.765090942382812
90|a small, green thing facing forwards|-49.694034576416016|-24.87906265258789|-48.7564811706543|-48.156898498535156|-46.7545280456543|-28.532302856445312|-47.475563049316406
91|a small, green thing|-44.827476501464844|-20.532506942749023|-42.924217224121094|-44.574974060058594|-42.05254364013672|-22.3255672454834|-43.47273254394531
92|a small, green chair facing forwards|-39.188087463378906|-14.57561206817627|-36.447349548339844|-36.76124572753906|-35.74356460571289|-16.929460525512695|-36.82353210449219
93|a small, green chair|-35.28679656982422|-11.305927276611328|-32.76015853881836|-34.55600357055664|-32.94999694824219|-12.925819396972656|-34.39130401611328
94|a small, green fan facing forwards|-38.43267059326172|-15.272397994995117|-38.192848205566406|-39.0489387512207|-34.38200759887695|-16.442121505737305|-35.0474853515625
95|a small, green fan|-35.97540283203125|-12.320884704589844|-36.22272491455078|-37.932857513427734|-31.6735897064209|-11.261560440063477|-33.80098342895508
96|a small thing facing forwards|-46.03144073486328|-22.48165512084961|-45.824703216552734|-41.71346664428711|-44.81791687011719|-23.940860748291016|-41.11247634887695
97|a small thing|-42.04270553588867|-17.86441421508789|-40.682647705078125|-37.098487854003906|-39.13829803466797|-19.05132293701172|-36.88410568237305
98|a small chair facing forwards|-34.40956115722656|-11.067222595214844|-33.59572219848633|-28.415109634399414|-33.58362579345703|-13.22823715209961|-30.389925003051758
99|a small chair|-33.314697265625|-10.067194938659668|-32.139949798583984|-26.93479347229004|-32.31157684326172|-11.824735641479492|-29.714096069335938
100|a small fan facing forwards|-37.44438552856445|-13.24637508392334|-36.8476676940918|-35.96029281616211|-31.264873504638672|-11.819217681884766|-28.181079864501953
101|a small fan|-36.79518127441406|-12.627942085266113|-35.95295715332031|-35.16089630126953|-30.532894134521484|-11.208534240722656|-27.621767044067383
102|a small, blue thing facing forwards|-48.80453872680664|-24.4738712310791|-46.7928466796875|-45.45215606689453|-44.11769485473633|-24.69480323791504|-45.51646423339844
103|a small, blue thing|-44.53825759887695|-19.977493286132812|-42.43447494506836|-43.763885498046875|-41.0478515625|-20.991458892822266|-43.80641555786133
104|a small, blue chair facing forwards|-36.86781311035156|-14.16797161102295|-37.199806213378906|-35.153053283691406|-33.84323501586914|-15.482887268066406|-36.008270263671875
105|a small, blue chair|-34.04488754272461|-10.561440467834473|-34.53949737548828|-34.58172607421875|-32.47697448730469|-12.8114652633667|-35.04000473022461
106|a small, blue fan facing forwards|-37.949462890625|-13.361223220825195|-37.31340789794922|-36.84321975708008|-32.01410675048828|-14.407024383544922|-34.52429962158203
107|a small, blue fan|-37.16703796386719|-12.060973167419434|-35.85519027709961|-36.20376205444336|-30.996368408203125|-12.87363338470459|-34.181915283203125
