,Sequence,o1,o2,o3,o4,o5,o6,o7
0,"a large, grey chair  ",0,0,0,0,0,0,1
1,"a large, green chair facing forward",0,0,0,0,0,1,0
2,"a small, green desk  facing to the right",0,1,0,0,0,0,0
3,a small green desk facing the right,0,1,0,0,0,0,0
4,"a large desk, grey in color, facing to the left",0,0,0,1,0,0,0
5,a desk facing forwards,1,0,1,0,0,0,0
6,"a large, green desk is facing forwards",0,0,1,0,0,0,0
7,a small green desk to the right,0,1,0,0,0,0,0
8,"a small, green chair that is facing to the right",0,0,0,0,1,0,0
9,a large green desk facing the front,0,0,1,0,0,0,0
10,a green chair facing forward,0,0,0,0,0,1,0
11,"a small, green chair to the right",0,0,0,0,1,0,0
12,"a large, green chair, facing forwards",0,0,0,0,0,1,0
13,"a large, green chair  ",0,0,0,0,0,1,0
14,"a small, green desk is facing to the right",0,1,0,0,0,0,0
15,"a large, grey table",0,0,0,1,0,0,0
16,a large green chair facing forwards,0,0,0,0,0,1,0
17,a small green chair,0,0,0,0,1,0,0
18,"a grey, large desk",0,0,0,1,0,0,0
19,"a large, green chair facing forwards",0,0,0,0,0,1,0
20,"a large, green chair that is facing forwards",0,0,0,0,0,1,0
21,a small,0,0,0,0,0,0,0
22,a large gray desk facing to the left,0,0,0,1,0,0,0
23,a green desk facing to the left,0,0,0,0,0,0,0
24,a grey thing,0,0,0,1,0,0,1
25,"a large, grey thing",0,0,0,1,0,0,1
26,"a small, green desk facing to the  right",0,1,0,0,0,0,0
27,a small green desk,1,1,0,0,0,0,0
28,a large green desk facing forward,0,0,1,0,0,0,0
29,"a small, green desk facing to the right",0,1,0,0,0,0,0
30,"a small, grey thing",0,0,0,0,0,0,0
31,"a small, green desk turned to the right",0,1,0,0,0,0,0
32,"a green desk, facing forwards",1,0,1,0,0,0,0
33,"a small green chair, facing to the right",0,0,0,0,1,0,0
34,a large desk facing to the left,0,0,0,1,0,0,0
35,"a green, small chair facing to the right",0,0,0,0,1,0,0
36,"a large, grey chair in the room",0,0,0,0,0,0,1
37,a green small desk facing forwards,1,0,0,0,0,0,0
38,"a small, green chair facing right",0,0,0,0,1,0,0
39,a small chair facing right,0,0,0,0,1,0,0
40,"a small, green desk  facing forwards",1,0,0,0,0,0,0
41,a large green desk  facing forwards,0,0,1,0,0,0,0
42,a large thing facing to the left,0,0,0,1,0,0,1
43,"a large desk facing to the left, made of grey material",0,0,0,1,0,0,0
44,a small desk,1,1,0,0,0,0,0
45,a small thing facing to the right,0,1,0,0,1,0,0
46,"a large, green chair ",0,0,0,0,0,1,0
47,a desk facing to the right,0,1,0,0,0,0,0
48,"a small, green desk  ",1,1,0,0,0,0,0
49,"a grey desk, facing to the left",0,0,0,1,0,0,0
50,a small green desk  facing forwards,1,0,0,0,0,0,0
51,"a large, green desk faces forwards",0,0,1,0,0,0,0
52,"a large, grey chair facing the left",0,0,0,0,0,0,1
53,a large chair facing to the left,0,0,0,0,0,0,1
54,"a  small, green desk facing to the right",0,1,0,0,0,0,0
55,"a large, grey chair, facing to the left",0,0,0,0,0,0,1
56,a grey thing facing forwards,0,0,0,0,0,0,0
57,a small green desk ,1,1,0,0,0,0,0
58,"a small, green desk, facing forwards",1,0,0,0,0,0,0
59,"a large, green desk facing forwards",0,0,1,0,0,0,0
60,"a small, green desk facing forwards ",1,0,0,0,0,0,0
61,"a grey, large desk facing left",0,0,0,1,0,0,0
62,a small desk facing right,0,1,0,0,0,0,0
63,"a large, green chair facing the camera",0,0,0,0,0,1,0
64,"a  large, grey chair facing to the left",0,0,0,0,0,0,1
65,a green thing facing to the left,0,0,0,0,0,0,0
66,"a small, grey thing facing forwards",0,0,0,0,0,0,0
67,"a large, grey chair""",0,0,0,0,0,0,1
68,"a small, green desk facing forwards  (1)",1,0,0,0,0,0,0
69,a grey desk ,0,0,0,1,0,0,0
70,"a small, green desk  (2)",1,1,0,0,0,0,0
71,a small chair facing to the right,0,0,0,0,1,0,0
72,a large green chair ,0,0,0,0,0,1,0
73,a large desk facing forward,0,0,1,0,0,0,0
74,a small green chair to the right,0,0,0,0,1,0,0
75,a green chair facing to the right,0,0,0,0,1,0,0
76,"a small, green chair ",0,0,0,0,1,0,0
77,a large green desk chair facing forwards,0,0,0,0,0,0,0
78,"a large, green desk chair facing forwards",0,0,0,0,0,0,0
79,"a large, green thing",0,0,1,0,0,1,0
80,a large desk,0,0,1,1,0,0,0
81,"a large, grey chair ",0,0,0,0,0,0,1
82,a small thing,1,1,0,0,1,0,0
83,"a small, green desk facing  to the right",0,1,0,0,0,0,0
84,"a  large, green desk facing forwards",0,0,1,0,0,0,0
85,a grey desk facing left,0,0,0,1,0,0,0
86,a grey thing facing to the right,0,0,0,0,0,0,0
87,"a large desk, green, facing forwards",0,0,1,0,0,0,0
88,a large green desk facing to the front,0,0,1,0,0,0,0
89,"a large, grey thing facing to the left",0,0,0,1,0,0,1
90,a desk,1,1,1,1,0,0,0
91,a small green chair ,0,0,0,0,1,0,0
92,"a small, green desk facing forwards 1",1,0,0,0,0,0,0
93,"a large, green thing facing to the left",0,0,0,0,0,0,0
94,"a small, green chair is facing to the right",0,0,0,0,1,0,0
95,"a small, green desk facing forwards'",1,0,0,0,0,0,0
96,"a small, green desk to the right",0,1,0,0,0,0,0
97,"a large, green chair",0,0,0,0,0,1,0
98,a green chair,0,0,0,0,1,1,0
99,"a green, small desk facing forwards",1,0,0,0,0,0,0
100,"a large, grey chair facing forwards",0,0,0,0,0,0,0
101,"a small, green desk, facing to the right, in the room",0,1,0,0,0,0,0
102,"a large, green desk 3",0,0,1,0,0,0,0
103,a green thing facing to the right,0,1,0,0,1,0,0
104,"a small, green desk, right-facing",0,1,0,0,0,0,0
105,"a small, green desk facing forwards""",1,0,0,0,0,0,0
106,a large grey chair,0,0,0,0,0,0,1
107,"a small, green desk chair facing to the right",0,0,0,0,0,0,0
108,"a small, green desk chair",0,0,0,0,0,0,0
109,"a large, grey desk facing forwards",0,0,0,0,0,0,0
110,a large green desk facing to the left,0,0,0,0,0,0,0
111,"a large, green desk facing to the left",0,0,0,0,0,0,0
112,"a small, green desk turning right",0,1,0,0,0,0,0
113,a little green desk facing forward,1,0,0,0,0,0,0
114,a grey desk facing to the left ,0,0,0,1,0,0,0
115,"a large, green chair is facing forwards",0,0,0,0,0,1,0
116,a large green chair facing to the left,0,0,0,0,0,0,0
117,"a small,",0,0,0,0,0,0,0
118,"a small, green desk faces to the right",0,1,0,0,0,0,0
119,"a small green desk, facing forwards",1,0,0,0,0,0,0
120,a grey desk facing the left,0,0,0,1,0,0,0
121,"a large green chair, facing forwards",0,0,0,0,0,1,0
122,"a large, green desk that is facing forwards",0,0,1,0,0,0,0
123,"a small, grey desk",0,0,0,0,0,0,0
124,a large grey chair facing the left,0,0,0,0,0,0,1
125,a green thing facing forwards,1,0,1,0,0,1,0
126,a little green chair facing to the right,0,0,0,0,1,0,0
127,a large green desk,0,0,1,0,0,0,0
128,"a small, green chair face to the right",0,0,0,0,1,0,0
129,"a small, green desk facing forwards  ",1,0,0,0,0,0,0
130,"a small, green chair faces to the right",0,0,0,0,1,0,0
131,"a large, grey chair",0,0,0,0,0,0,1
132,"a small, green thing facing forwards",1,0,0,0,0,0,0
133,"a small, green chair",0,0,0,0,1,0,0
134,"a small, green desk (2)",1,1,0,0,0,0,0
135,"a large desk, facing forwards",0,0,1,0,0,0,0
136,a small green chair facing the right,0,0,0,0,1,0,0
137,"a small, green chair - facing to the right",0,0,0,0,1,0,0
138,a thing facing to the left,0,0,0,1,0,0,1
139,"a large, grey desk chair facing to the left",0,0,0,0,0,0,0
140,"a large, green desk facing to the right",0,0,0,0,0,0,0
141,"a large, grey chair that is facing to the left",0,0,0,0,0,0,1
142,"a large, green desk ",0,0,1,0,0,0,0
143,a green chair to the right,0,0,0,0,1,0,0
144,"a small, green chair facing  to the right",0,0,0,0,1,0,0
145,"a small, green thing",1,1,0,0,1,0,0
146,a,0,0,0,0,0,0,0
147,a green desk to the right,0,1,0,0,0,0,0
148,a small green desk is facing forwards,1,0,0,0,0,0,0
149,a grey chair facing forwards,0,0,0,0,0,0,0
150,a grey desk facing to the left of the room,0,0,0,1,0,0,0
151,a grey desk facing to the right,0,0,0,0,0,0,0
152,a thing facing to the right,0,1,0,0,1,0,0
153,"a small, green, desk facing forwards",1,0,0,0,0,0,0
154,a large grey chair facing to the left,0,0,0,0,0,0,1
155,a chair,0,0,0,0,1,1,1
156,a green desk facing right,0,1,0,0,0,0,0
157,a small chair,0,0,0,0,1,0,0
158,a desk facing left,0,0,0,1,0,0,0
159,a green desk chair facing to the right,0,0,0,0,0,0,0
160,"a large, grey chair facing to the left",0,0,0,0,0,0,1
161,"a small, green desk ",1,1,0,0,0,0,0
162,a green chair is facing forwards,0,0,0,0,0,1,0
163,a large desk facing to the left of the room,0,0,0,1,0,0,0
164,"a small, green chair, facing to the right",0,0,0,0,1,0,0
165,"a small, green desk",1,1,0,0,0,0,0
166,a grey chair ,0,0,0,0,0,0,1
167,"a large, green chair facing the front",0,0,0,0,0,1,0
168,a large chair,0,0,0,0,0,1,1
169,"a small, green desk, facing to the right",0,1,0,0,0,0,0
170,a small green desk facing forwards,1,0,0,0,0,0,0
171,"a large, gray desk facing to the left",0,0,0,1,0,0,0
172,a small desk facing to the right,0,1,0,0,0,0,0
173,"a small, grey chair",0,0,0,0,0,0,0
174,"a small, green desk facing forwards in a room",1,0,0,0,0,0,0
175,a grey desk is facing to the left,0,0,0,1,0,0,0
176,"a  large, grey desk facing to the left",0,0,0,1,0,0,0
177,a large green desk is facing forwards,0,0,1,0,0,0,0
178,a thing facing forwards,1,0,1,0,0,1,0
179,a grey desk facing to the left,0,0,0,1,0,0,0
180,a chair facing to the right,0,0,0,0,1,0,0
181,a grey chair,0,0,0,0,0,0,1
182,a green thing,1,1,1,0,1,1,0
183,"a green, large desk facing forwards",0,0,1,0,0,0,0
184,a green desk chair facing forwards,0,0,0,0,0,0,0
185,"a large, green desk in the room",0,0,1,0,0,0,0
186,"a large, green chair faces forwards",0,0,0,0,0,1,0
187,"a large, grey chair is facing to the left",0,0,0,0,0,0,1
188,a grey desk facing forwards,0,0,0,0,0,0,0
189,"a small, green desk that is facing to the right",0,1,0,0,0,0,0
190,"a grey desk, facing left",0,0,0,1,0,0,0
191,"a small, green chair facing to the right",0,0,0,0,1,0,0
192,"a small, green desk facing to the left",0,0,0,0,0,0,0
193,a large green chair facing the front,0,0,0,0,0,1,0
194,a large green desk ,0,0,1,0,0,0,0
195,a small green desk chair,0,0,0,0,0,0,0
196,"a small, grey desk facing to the right",0,0,0,0,0,0,0
197,a green table,1,1,1,0,0,0,0
198,a small green chair facing to the right,0,0,0,0,1,0,0
199,"a small, green chair that faces to the right",0,0,0,0,1,0,0
200,a chair facing forwards,0,0,0,0,0,1,0
201,a large table,0,0,1,1,0,0,0
202,"a large, grey thing facing forwards",0,0,0,0,0,0,0
203,a large thing facing forwards,0,0,1,0,0,1,0
204,"a small, green desk facing forwards",1,0,0,0,0,0,0
205,"a small, green desk turning to the right",0,1,0,0,0,0,0
206,"a small, green chair  ",0,0,0,0,1,0,0
207,"a large, grey desk",0,0,0,1,0,0,0
208,a small green desk turned to the right,0,1,0,0,0,0,0
209,"a chair, facing to the left",0,0,0,0,0,0,1
210,"a small, green chair facing to the left",0,0,0,0,0,0,0
211,"a large, grey desk facing to the left",0,0,0,1,0,0,0
212,a big grey desk facing left,0,0,0,1,0,0,0
213,"a large, grey chair 7",0,0,0,0,0,0,1
214,"a small, green table",1,1,0,0,0,0,0
215,"a large desk, green in color, facing forwards",0,0,1,0,0,0,0
216,a large green desk facing forwards,0,0,1,0,0,0,0
217,a large green desk facing to the right,0,0,0,0,0,0,0
218,"a large, grey chair face to the left",0,0,0,0,0,0,1
219,a thing,1,1,1,1,1,1,1
220,a large thing,0,0,1,1,0,1,1
221,a large desk facing forwards,0,0,1,0,0,0,0
222,"a small, green chair facing the right",0,0,0,0,1,0,0
223,"a small, green desk, facing right",0,1,0,0,0,0,0
224,a desk facing right,0,1,0,0,0,0,0
225,a grey chair facing to the left,0,0,0,0,0,0,1
226,a small desk facing forwards,1,0,0,0,0,0,0
227,a green desk facing to the right,0,1,0,0,0,0,0
228,"a large green desk, facing forwards",0,0,1,0,0,0,0
229,"a large, green thing facing forwards",0,0,1,0,0,1,0
230,a large green chair is facing forwards,0,0,0,0,0,1,0
231,"a large, grey chair facing left",0,0,0,0,0,0,1
232,"a small, green desk facing forwards is in the room",1,0,0,0,0,0,0
233,"a small, green desk in the room",1,1,0,0,0,0,0
234,a grey chair facing left,0,0,0,0,0,0,1
235,"a large, green desk  (3)",0,0,1,0,0,0,0
236,"a small, green chair""",0,0,0,0,1,0,0
237,"a grey, large chair facing to the left",0,0,0,0,0,0,1
238,a large desk that is grey in color and facing to the left,0,0,0,1,0,0,0
239,"a small, green desk facing forwards, a small, green desk facing to the right, a large, green desk facing forwards, a large, grey desk facing to the left, a small, green chair facing to the right, a large, green chair facing forwards, a large, grey chair facing to the left",0,0,0,0,0,0,0
240,"a small, green desk in front",1,0,0,0,0,0,0
241,"a small, grey desk facing forwards",0,0,0,0,0,0,0
242,a large grey chair ,0,0,0,0,0,0,1
243,a large green chair  facing forwards,0,0,0,0,0,1,0
244,a green chair facing forwards,0,0,0,0,0,1,0
245,"a small, green desk facing the right",0,1,0,0,0,0,0
246,a desk facing the left,0,0,0,1,0,0,0
247,a green desk facing forward,1,0,1,0,0,0,0
248,"a small, green desk facing forwards in the room",1,0,0,0,0,0,0
249,a large chair facing forwards,0,0,0,0,0,1,0
250,"a large, green desk  ",0,0,1,0,0,0,0
251,a little green chair facing right,0,0,0,0,1,0,0
252,"a green, large chair facing forwards",0,0,0,0,0,1,0
253,"a small, green desk faced to the right",0,1,0,0,0,0,0
254,"a large, grey chair facing to the right",0,0,0,0,0,0,0
255,"a green chair, facing forwards",0,0,0,0,0,1,0
256,"a large, green chair  facing forwards",0,0,0,0,0,1,0
257,"a large, green chair facing to the left",0,0,0,0,0,0,0
258,"a large, green desk  facing forwards",0,0,1,0,0,0,0
259,a grey chair facing to the right,0,0,0,0,0,0,0
260,a grey desk in the room,0,0,0,1,0,0,0
261,"a large, grey chair faces to the left",0,0,0,0,0,0,1
262,"a large, green chair facing to the right",0,0,0,0,0,0,0
263,"a large, green desk",0,0,1,0,0,0,0
264,"a small, green thing facing to the right",0,1,0,0,1,0,0
265,"a large, green desk face forwards",0,0,1,0,0,0,0
266,"a small, grey chair facing to the right",0,0,0,0,0,0,0
267,a small green desk facing to the right,0,1,0,0,0,0,0
268,"a small, grey thing facing to the right",0,0,0,0,0,0,0
269,"a  large, green chair facing forwards",0,0,0,0,0,1,0
270,a large grey chair facing to the left ,0,0,0,0,0,0,1
271,a large green chair,0,0,0,0,0,1,0
272,"a large, grey chair faced to the left",0,0,0,0,0,0,1
273,a green chair facing to the left,0,0,0,0,0,0,0
274,a green chair that is facing forwards,0,0,0,0,0,1,0
275,"a small, green desk facing right",0,1,0,0,0,0,0
276,"a  small, green chair facing to the right",0,0,0,0,1,0,0
277,"a large, green desk, facing forwards",0,0,1,0,0,0,0
278,"a small, green desk facing forwards, ",1,0,0,0,0,0,0
279,a desk facing to the left,0,0,0,1,0,0,0
280,a green desk,1,1,1,0,0,0,0
281,a grey thing facing to the left,0,0,0,1,0,0,1
282,a large grey desk facing to the left,0,0,0,1,0,0,0
283,a green desk facing forwards,1,0,1,0,0,0,0
284,a small green table,1,1,0,0,0,0,0
285,a chair facing to the left,0,0,0,0,0,0,1
286,a large grey desk,0,0,0,1,0,0,0
287,"a large, grey chair to the left",0,0,0,0,0,0,1
288,"a large, grey chair  facing to the left",0,0,0,0,0,0,1
289,"a small, green chair, facing right",0,0,0,0,1,0,0
290,a large green chair facing to the right,0,0,0,0,0,0,0
291,"a small, green desk is facing forwards",1,0,0,0,0,0,0
292,a grey desk,0,0,0,1,0,0,0
293,a grey table,0,0,0,1,0,0,0
294,"a large desk, facing to the left",0,0,0,1,0,0,0
295,a small thing facing forwards,1,0,0,0,0,0,0
